Date,CHIP.L,CMOD.L,COPA.L,CRUD.L,DFNS.L,EQQQ.L,IBTG.L,IGLT.L,IITU.L,IJPN.L,INDI.L,INRG.L,ISF.L,IUES.L,IUFS.L,PHAG.L,SGLN.L,SMGB.L,UKDV.L,VUSA.L,VWRP.L
2024-09-23,7.759500026702881,22.877500534057617,39.275001525878906,9.489500045776367,34.60499954223633,36383.84375,4.330062389373779,9.404969215393066,2368.0,1356.7572021484375,,620.8609008789062,800.683349609375,8.970000267028809,13.1850004196167,28.344999313354492,3831.5,30.9424991607666,9.996085166931152,79.57450103759766,103.5
2024-09-24,8.305999755859375,23.122499465942383,40.36000061035156,9.567999839782715,34.3125,36369.84375,4.334682941436768,9.411710739135742,2365.5,1345.0113525390625,,627.1095581054688,802.9818725585938,9.005000114440918,13.0649995803833,29.010000228881836,3843.5,31.424999237060547,9.99052619934082,79.47649383544922,103.70999908447266
2024-09-25,8.28849983215332,23.16374969482422,40.53499984741211,9.569999694824219,34.39500045776367,36609.828125,4.332834720611572,9.353280067443848,2397.0,1344.5115966796875,,622.8604736328125,801.6827392578125,8.90250015258789,12.96500015258789,29.274999618530273,3870.0,31.77750015258789,10.005348205566406,79.7116928100586,104.0199966430664
2024-09-26,8.883500099182129,23.139999389648438,41.72999954223633,9.21500015258789,34.407501220703125,36527.3359375,4.331216812133789,9.353280067443848,2395.0,1370.002197265625,,627.3594360351562,803.6814575195312,8.677499771118164,13.039999961853027,29.55500030517578,3869.5,32.279998779296875,10.097054481506348,79.38339233398438,104.31999969482422
2024-09-27,9.07699966430664,23.1200008392334,41.41999816894531,9.145999908447266,34.61249923706055,36540.8359375,4.334220886230469,9.355527877807617,2387.0,1355.0076904296875,,636.357421875,807.2791748046875,8.789999961853027,13.140000343322754,29.174999237060547,3850.0,32.154998779296875,10.16189956665039,79.72149658203125,104.69999694824219
2024-09-30,9.351499557495117,23.165000915527344,40.81999969482422,9.329000473022461,34.529998779296875,36504.33984375,4.331679344177246,9.351035118103027,2391.5,1351.00927734375,,632.1083984375,798.7845458984375,8.824999809265137,13.0649995803833,28.56999969482422,3818.0,31.780000686645508,10.031286239624023,79.44955444335938,104.12000274658203
2024-10-01,9.467499732971191,23.446250915527344,41.29499816894531,9.63599967956543,34.82500076293945,36333.84765625,4.328676223754883,9.393733024597168,2361.0,1364.00439453125,,633.108154296875,802.9818725585938,9.09000015258789,13.069999694824219,29.06999969482422,3903.0,31.232500076293945,10.017391204833984,79.82928466796875,104.45999908447266
2024-10-02,10.145999908447266,23.457500457763672,41.709999084472656,9.515999794006348,35.375,36601.828125,4.330292701721191,9.344292640686035,2382.5,1356.2572021484375,,624.6100463867188,804.0812377929688,9.138750076293945,13.0600004196167,29.170000076293945,3879.5,31.94499969482422,9.978485107421875,80.03018951416016,104.97000122070312
2024-10-03,10.312000274658203,23.5674991607666,40.869998931884766,9.866000175476074,35.27750015258789,36959.80859375,4.328676223754883,9.357776641845703,2420.5,1364.50439453125,,625.3599243164062,803.5814819335938,9.268750190734863,12.989999771118164,29.280000686645508,3931.0,32.317501068115234,9.930315971374512,80.77742004394531,105.63999938964844
2024-10-04,10.57800006866455,23.584999084472656,40.959999084472656,10.024999618530273,35.40999984741211,37097.8046875,4.311579704284668,9.274626731872559,2426.5,1379.9986572265625,,622.360595703125,803.5814819335938,9.387499809265137,13.114999771118164,29.739999771118164,3942.0,32.52000045776367,10.03962230682373,80.9268798828125,105.91999816894531
2024-10-07,11.057999610900879,23.59000015258789,40.935001373291016,10.319499969482422,35.657501220703125,37315.7890625,4.304648399353027,9.22518539428711,2458.0,1375.00048828125,,624.1102294921875,805.5802001953125,9.506250381469727,13.130000114440918,29.06999969482422,3938.0,32.63999938964844,9.936800003051758,81.46585845947266,106.52999877929688
2024-10-08,10.000499725341797,23.094999313354492,40.02000045776367,9.932000160217285,35.73500061035156,37448.28125,4.3069586753845215,9.234173774719238,2472.25,1378.2493896484375,,615.2371826171875,794.5873413085938,9.21500015258789,13.135000228881836,27.700000762939453,3873.0,33.084999084472656,9.863618850708008,81.50016021728516,106.16999816894531
2024-10-09,9.628999710083008,22.993749618530273,39.70000076293945,9.885000228881836,36.07500076293945,37774.765625,4.3053412437438965,9.240915298461914,2503.0,1371.2518310546875,,615.612060546875,800.0836791992188,9.25374984741211,13.255000114440918,28.075000762939453,3886.0,33.45000076293945,9.944210052490234,82.12979888916016,106.62000274658203
2024-10-10,9.683500289916992,23.155000686645508,39.91999816894531,10.050000190734863,35.584999084472656,37948.75,4.310886383056641,9.213948249816895,2514.5,1370.252197265625,,600.8653564453125,799.8839111328125,9.338749885559082,13.229999542236328,28.31999969482422,3903.0,33.599998474121094,9.872881889343262,82.35765075683594,106.91000366210938
2024-10-11,9.66450023651123,23.38249969482422,40.3849983215332,10.173999786376953,35.787498474121094,37882.75,4.309269428253174,9.234173774719238,2513.0,1374.0008544921875,,603.9896850585938,801.4827880859375,9.382499694824219,13.475000381469727,28.975000381469727,3952.0,33.619998931884766,9.921977996826172,82.60018920898438,107.37999725341797
2024-10-14,9.588500022888184,23.017499923706055,39.720001220703125,9.972000122070312,36.10499954223633,38186.7421875,4.295868396759033,9.211701393127441,2541.0,1376.999755859375,,604.3645629882812,804.9805908203125,9.380000114440918,13.537500381469727,28.559999465942383,3941.0,34.150001525878906,9.985895156860352,83.22493743896484,107.94000244140625
2024-10-15,9.097999572753906,22.780000686645508,39.19499969482422,9.53499984741211,36.099998474121094,37834.75,4.311117172241211,9.276872634887695,2510.0,1356.0074462890625,,592.6172485351562,800.4835205078125,9.180000305175781,13.670000076293945,28.934999465942383,3956.0,32.51499938964844,10.037771224975586,82.91868591308594,107.12000274658203
2024-10-16,9.270000457763672,22.770000457763672,39.31999969482422,9.491000175476074,36.33000183105469,37867.75,4.314582347869873,9.355527877807617,2512.0,1361.005615234375,,597.3661499023438,808.6782836914062,9.125,13.6899995803833,29.190000534057617,3998.0,32.345001220703125,10.123919486999512,83.21513366699219,107.63999938964844
2024-10-17,8.965499877929688,22.719999313354492,39.15999984741211,9.538000106811523,36.584999084472656,38152.74609375,4.30742073059082,9.339797019958496,2549.0,1361.75537109375,,595.3666381835938,814.0747680664062,9.140000343322754,13.829999923706055,29.125,4024.5,33.084999084472656,10.203584671020508,83.70512390136719,108.04000091552734
2024-10-18,9.402999877929688,22.727500915527344,39.630001068115234,9.342000007629395,36.69499969482422,38132.74609375,4.312503814697266,9.355527877807617,2539.0,1357.5068359375,,594.116943359375,811.4765014648438,9.082500457763672,13.774999618530273,29.940000534057617,4051.0,32.7400016784668,10.158193588256836,83.48218536376953,107.9800033569336
2024-10-21,9.319999694824219,22.84749984741211,39.33000183105469,9.53499984741211,36.459999084472656,38063.74609375,4.308344841003418,9.299345016479492,2541.5,1340.26318359375,,589.9927978515625,807.3790893554688,9.1225004196167,13.65999984741211,30.864999771118164,4075.0,32.442501068115234,10.104466438293457,83.38418579101562,107.5999984741211
2024-10-22,9.545999526977539,23.135000228881836,39.564998626708984,9.798999786376953,36.76499938964844,38280.73046875,4.306035041809082,9.272377967834473,2563.0,1323.269287109375,,589.8678588867188,806.3796997070312,9.15250015258789,13.640000343322754,31.80500030517578,4105.5,32.51499938964844,10.0488862991333,83.62918853759766,107.69999694824219
2024-10-23,9.500499725341797,23.022499084472656,39.189998626708984,9.690999984741211,36.14500045776367,38073.74609375,4.305803298950195,9.238668441772461,2554.0,1300.02783203125,,582.994384765625,801.78271484375,9.082500457763672,13.625,30.80500030517578,4081.0,32.55500030517578,10.034064292907715,83.36947631835938,107.30000305175781
2024-10-24,9.380499839782715,23.0575008392334,39.060001373291016,9.614999771118164,36.474998474121094,38080.74609375,4.309499263763428,9.229680061340332,2535.0,1307.275146484375,,581.2448120117188,803.081787109375,9.077500343322754,13.6225004196167,30.8799991607666,4096.0,32.654998779296875,9.954401016235352,83.2788314819336,107.16000366210938
2024-10-25,9.478500366210938,23.15999984741211,39.58000183105469,9.807999610900879,36.83000183105469,38584.71484375,4.30742073059082,9.254400253295898,2568.0,1311.523681640625,,585.4938354492188,801.6827392578125,9.132499694824219,13.5600004196167,31.19499969482422,4104.5,33.244998931884766,9.96458911895752,83.64877319335938,107.5199966430664
2024-10-28,9.557000160217285,22.78499984741211,39.36000061035156,9.263999938964844,37.11000061035156,38414.72265625,4.29956579208374,9.236420631408691,2554.0,1319.520751953125,,591.1176147460938,805.1804809570312,9.017499923706055,13.649999618530273,31.05500030517578,4109.0,32.869998931884766,10.037771224975586,83.41111755371094,107.4800033569336
2024-10-29,9.478500366210938,22.802499771118164,39.29999923706055,9.197999954223633,37.20750045776367,38497.71875,4.301645278930664,9.189229011535645,2565.5,1328.5174560546875,,580.1200561523438,798.3848876953125,8.925000190734863,13.625,31.454999923706055,4136.0,33.23249816894531,9.955326080322266,83.38172149658203,107.26000213623047
2024-10-30,9.351499557495117,22.905000686645508,39.22999954223633,9.371999740600586,37.42499923706055,38566.71484375,4.30372428894043,9.191473960876465,2552.0,1333.7655029296875,,578.870361328125,792.7883911132812,8.938750267028809,13.699999809265137,31.065000534057617,4164.0,32.59000015258789,9.949769020080566,83.50911712646484,107.12000274658203
2024-10-31,9.411999702453613,22.743749618530273,39.14500045776367,9.465999603271484,36.31999969482422,37917.25,4.30048942565918,9.110572814941406,2485.5,1328.017578125,,584.8689575195312,787.7916870117188,8.96500015258789,13.569999694824219,29.985000610351562,4139.0,31.74250030517578,9.767280578613281,82.77903747558594,106.4800033569336
2024-11-01,9.410499572753906,22.75,39.5099983215332,9.560999870300293,36.564998626708984,37952.74609375,4.301645278930664,9.101582527160645,2488.0,1331.0164794921875,,585.118896484375,794.5873413085938,8.977499961853027,13.579999923706055,29.905000686645508,4119.0,32.040000915527344,9.918272972106934,82.62714385986328,106.5999984741211
2024-11-04,9.539999961853027,22.9375,40.099998474121094,9.743000030517578,36.29499816894531,37809.75390625,4.303955078125,9.090346336364746,2480.5,1335.0150146484375,,598.365966796875,795.7865600585938,9.038749694824219,13.414999961853027,29.770000457763672,4108.0,32.057498931884766,9.8710298538208,82.10530090332031,106.16000366210938
2024-11-05,9.69849967956543,23.021249771118164,40.43000030517578,9.920000076293945,37.55500030517578,37931.75,4.298410892486572,9.061131477355957,2492.0,1339.7633056640625,,589.367919921875,794.1875610351562,9.137499809265137,13.470000267028809,29.969999313354492,4090.0,32.10499954223633,9.848797798156738,82.40174865722656,106.54000091552734
2024-11-06,9.59850025177002,22.77750015258789,38.599998474121094,9.880000114440918,38.380001068115234,39240.67578125,4.295868396759033,9.043153762817383,2571.0,1352.0089111328125,,555.62548828125,793.7877807617188,9.407500267028809,14.255000114440918,28.6200008392334,4030.0,32.837501525878906,9.783955574035645,85.15547943115234,108.63999938964844
2024-11-07,9.965499877929688,22.954999923706055,39.95000076293945,9.805000305175781,39.06999969482422,39599.65625,4.303261756896973,9.067873001098633,2597.0,1354.0081787109375,,559.99951171875,792.6884765625,9.352499961853027,14.1850004196167,29.100000381469727,4033.0,33.592498779296875,9.811745643615723,85.40293884277344,109.22000122070312
2024-11-08,9.4975004196167,22.774999618530273,39.0,9.633000373840332,39.349998474121094,39933.63671875,4.298641204833984,9.119561195373535,2616.0,1357.5068359375,,547.1273803710938,786.0927734375,9.411250114440918,14.274999618530273,28.78499984741211,4041.0,33.64250183105469,9.797849655151367,86.27023315429688,109.5199966430664
2024-11-11,9.655500411987305,22.561250686645508,38.47999954223633,9.402000427246094,40.5,40084.625,4.297255039215088,9.139786720275879,2599.0,1367.753173828125,,551.8764038085938,791.389404296875,9.460000038146973,14.477499961853027,28.010000228881836,3951.0,33.01250076293945,9.918272972106934,86.81900787353516,110.26000213623047
2024-11-12,9.5,22.53499984741211,37.54999923706055,9.444000244140625,40.14500045776367,40416.10546875,4.295638084411621,9.099336624145508,2637.0,1358.006591796875,,541.1288452148438,781.5956420898438,9.444999694824219,14.414999961853027,28.100000381469727,3966.0,32.962501525878906,9.822860717773438,87.37269592285156,110.33999633789062
2024-11-13,9.565999984741211,22.415000915527344,37.150001525878906,9.388999938964844,40.18000030517578,40470.6015625,4.300027370452881,9.0813570022583,2638.0,1347.5103759765625,,542.3784790039062,781.5956420898438,9.47249984741211,14.5,28.06999969482422,3956.0,32.622501373291016,9.750606536865234,87.66179656982422,110.55999755859375
2024-11-14,9.44849967956543,22.376249313354492,36.9900016784668,9.4399995803833,38.345001220703125,40412.60546875,4.3009514808654785,9.113463401794434,2645.0,1353.7581787109375,,541.175048828125,786.2926635742188,9.552499771118164,14.4350004196167,27.96500015258789,3938.0,32.9474983215332,9.802480697631836,87.51235961914062,110.5999984741211
2024-11-15,9.42199993133545,22.3700008392334,36.939998626708984,9.387999534606934,37.185001373291016,39625.6484375,4.295406818389893,9.296060562133789,2597.0,1349.5098876953125,,548.4240112304688,785.693115234375,9.53499984741211,14.420000076293945,27.84000015258789,3947.5,31.934999465942383,9.791364669799805,86.5739974975586,109.69999694824219
2024-11-18,9.37600040435791,22.61750030517578,37.154998779296875,9.529999732971191,36.69499969482422,39840.140625,4.29956579208374,9.293719291687012,2602.0,1358.006591796875,,544.674560546875,790.0902709960938,9.612500190734863,14.5,28.6200008392334,4013.0,32.05500030517578,9.780247688293457,86.82634735107422,110.19999694824219
2024-11-19,9.418000221252441,22.74625015258789,37.34000015258789,9.53600025177002,36.89500045776367,39736.64453125,4.3025689125061035,9.314788818359375,2598.0,1354.2581787109375,,544.424560546875,789.0908813476562,9.600000381469727,14.4350004196167,28.530000686645508,4027.0,31.9950008392334,9.774690628051758,86.70631408691406,110.0
2024-11-20,9.451499938964844,22.877500534057617,37.4900016784668,9.562999725341797,36.60499954223633,39658.64453125,4.3030314445495605,9.317129135131836,2592.0,1339.013671875,,541.9248657226562,787.6918334960938,9.59749984741211,14.300000190734863,28.530000686645508,4077.0,31.642499923706055,9.770058631896973,86.46623229980469,109.66000366210938
2024-11-21,9.477499961853027,23.03125,37.18000030517578,9.616999626159668,37.665000915527344,40187.6171875,4.3025689125061035,9.317129135131836,2641.0,1356.0074462890625,,544.9244995117188,794.3875732421875,9.80875015258789,14.550000190734863,28.28499984741211,4114.0,32.380001068115234,9.812670707702637,87.72794342041016,111.0
2024-11-22,9.244999885559082,22.947500228881836,36.88999938964844,9.746000289916992,37.53499984741211,40447.6015625,4.298872947692871,9.35224437713623,2645.0,1369.5025634765625,,549.1738891601562,805.5802001953125,9.805000305175781,14.667499542236328,28.59000015258789,4199.0,32.55500030517578,10.024801254272461,88.51927185058594,112.0199966430664
2024-11-25,9.178500175476074,22.885000228881836,37.27000045776367,9.527000427246094,37.255001068115234,40599.59765625,4.303955078125,9.4037446975708,2647.0,1375.00048828125,,561.0472412109375,807.878662109375,9.635000228881836,14.75,27.655000686645508,4073.0,32.814998626708984,10.115581512451172,88.69078063964844,112.27999877929688
2024-11-26,9.15250015258789,22.864999771118164,36.974998474121094,9.5600004196167,37.224998474121094,40706.5859375,4.305110454559326,9.38267707824707,2659.0,1367.00341796875,,555.6729736328125,805.38037109375,9.555000305175781,14.774999618530273,27.920000076293945,4073.0,32.345001220703125,10.050739288330078,89.09256744384766,112.33999633789062
2024-11-27,9.297499656677246,22.78499984741211,37.13999938964844,9.475000381469727,37.067501068115234,39898.13671875,4.309037685394287,9.424814224243164,2591.0,1358.006591796875,,558.422607421875,806.7793579101562,9.600000381469727,14.899999618530273,27.649999618530273,4051.0,31.172500610351562,10.097054481506348,88.02438354492188,111.27999877929688
2024-11-28,9.190999984741211,22.768749237060547,37.0,9.465499877929688,37.255001068115234,40197.1171875,4.312965393066406,9.441201210021973,2615.0,1371.0018310546875,,556.9227905273438,808.07861328125,9.577500343322754,14.895000457763672,27.770000457763672,4050.0,31.842500686645508,10.134108543395996,88.2718276977539,111.5199966430664
2024-11-29,9.282999992370605,22.8799991607666,37.119998931884766,9.550999641418457,37.314998626708984,40306.609375,4.314813613891602,9.464612007141113,2626.0,1380.998291015625,,556.9227905273438,808.07861328125,9.577500343322754,14.904999732971191,28.15999984741211,4071.0,32.244998931884766,10.145224571228027,88.40167999267578,111.7699966430664
2024-12-02,9.337499618530273,22.577499389648438,36.95000076293945,9.434499740600586,37.314998626708984,40895.5703125,4.317124366760254,9.476316452026367,2665.0,1409.98779296875,,561.1722412109375,810.976806640625,9.432499885559082,14.725000381469727,27.915000915527344,4062.5,32.935001373291016,10.113729476928711,88.97006225585938,112.5999984741211
2024-12-03,9.355999946594238,22.704999923706055,37.72999954223633,9.654999732971191,37.6974983215332,40924.5703125,4.312041759490967,9.457588195800781,2664.0,1424.4825439453125,,556.6728515625,815.9735107421875,9.5024995803833,14.645000457763672,28.399999618530273,4059.0,32.915000915527344,10.157267570495605,88.8304214477539,112.62000274658203
2024-12-04,9.224499702453613,22.657499313354492,37.72999954223633,9.588500022888184,37.875,41210.5625,4.319896697998047,9.46226978302002,2699.0,1416.9852294921875,,546.4242553710938,813.77490234375,9.292499542236328,14.545000076293945,28.815000534057617,4056.0,33.3025016784668,10.194320678710938,88.8990249633789,112.69999694824219
2024-12-05,9.244999885559082,22.725000381469727,37.540000915527344,9.428000450134277,37.66999816894531,41222.5625,4.319896697998047,9.434178352355957,2700.0,1411.987060546875,,547.1741333007812,815.174072265625,9.28499984741211,14.640000343322754,28.604999542236328,4020.0,32.817501068115234,10.21747875213623,88.79859161376953,112.68000030517578
2024-12-06,9.355500221252441,22.700000762939453,37.72999954223633,9.324999809265137,37.86000061035156,41410.546875,4.323362350463867,9.429496765136719,2704.0,1408.4884033203125,,543.4247436523438,810.976806640625,9.170000076293945,14.577500343322754,28.649999618530273,4024.0,32.595001220703125,10.20914077758789,88.88677215576172,112.76000213623047
2024-12-09,10.020500183105469,22.94499969482422,38.33000183105469,9.467000007629395,36.69499969482422,41070.56640625,4.322900295257568,9.438859939575195,2687.0,1396.992431640625,,553.1732788085938,815.174072265625,9.217499732971191,14.494999885559082,29.389999389648438,4052.0,32.400001525878906,10.186909675598145,88.3134765625,112.4800033569336
2024-12-10,9.515999794006348,23.017499923706055,38.18000030517578,9.511500358581543,36.59000015258789,41114.56640625,4.319665908813477,9.40140438079834,2670.0,1391.7445068359375,,544.549560546875,807.9786376953125,9.170000076293945,14.4399995803833,29.25,4096.0,31.770000457763672,10.072970390319824,88.37964630126953,112.05999755859375
2024-12-11,9.441499710083008,23.217500686645508,38.22999954223633,9.598999977111816,36.42499923706055,41707.52734375,4.31943416595459,9.392041206359863,2700.0,1407.9886474609375,,540.5501098632812,809.477783203125,9.052499771118164,14.395000457763672,29.440000534057617,4140.0,32.209999084472656,10.143372535705566,88.83776092529297,112.54000091552734
2024-12-12,9.468000411987305,23.012500762939453,37.95000076293945,9.536999702453613,36.69499969482422,41752.8828125,4.320358753204346,9.38267707824707,2696.0,1405.9892578125,,541.4249267578125,805.3299560546875,9.012499809265137,14.425000190734863,28.40999984741211,4099.0,32.16999816894531,10.08779239654541,89.02323150634766,112.73999786376953
2024-12-13,9.414999961853027,22.969999313354492,37.56999969482422,9.748000144958496,36.502498626708984,41990.37109375,4.320358753204346,9.342880249023438,2712.0,1391.9945068359375,,540.925048828125,804.3306274414062,8.963749885559082,14.380000114440918,27.950000762939453,4096.0,33.10749816894531,10.097054481506348,89.24187469482422,112.9000015258789
2024-12-16,9.298999786376953,22.899999618530273,37.54999923706055,9.697500228881836,36.75,42379.8515625,4.314351558685303,9.314788818359375,2725.0,1377.99951171875,,534.1759033203125,800.5328369140625,8.852499961853027,14.324999809265137,28.020000457763672,4060.0,33.70249938964844,10.058149337768555,89.05516815185547,112.4800033569336
2024-12-17,9.366000175476074,22.594999313354492,37.119998931884766,9.5649995803833,36.189998626708984,42407.8515625,4.31851053237915,9.27733325958252,2732.0,1372.7513427734375,,532.05126953125,794.3364868164062,8.636249542236328,14.225000381469727,27.93000030517578,4035.0,33.51750183105469,9.930315971374512,88.69406127929688,111.94000244140625
2024-12-18,9.357999801635742,22.738750457763672,37.2400016784668,9.760000228881836,36.42250061035156,42375.8515625,4.32266902923584,9.258604049682617,2744.0,1373.5009765625,,534.4259033203125,794.5364379882812,8.682499885559082,14.239999771118164,27.670000076293945,4039.0,33.8849983215332,9.968295097351074,88.91515350341797,112.08000183105469
2024-12-19,9.43649959564209,22.457500457763672,36.6349983215332,9.581999778747559,35.77000045776367,41507.890625,4.313427448272705,9.23636531829834,2711.0,1359.00634765625,,524.92724609375,786.3411254882812,8.427499771118164,13.9399995803833,26.5,4011.0,32.58000183105469,9.837682723999023,87.65496826171875,110.66000366210938
2024-12-20,9.451000213623047,22.706249237060547,36.81999969482422,9.579999923706055,35.9900016784668,41627.88671875,4.318048477172852,9.284355163574219,2723.0,1358.506591796875,,525.9270629882812,785.041748046875,8.46500015258789,14.085000038146973,26.975000381469727,4056.0,32.80500030517578,9.815449714660645,88.12907409667969,110.91000366210938
2024-12-23,9.447999954223633,22.69499969482422,36.54999923706055,9.505000114440918,36.19499969482422,41761.3828125,4.314120292663574,9.25626277923584,2744.0,1355.5076904296875,,531.9263305664062,786.2411499023438,8.44124984741211,13.994999885559082,27.110000610351562,4056.0,33.3849983215332,9.83027172088623,88.24207305908203,111.13999938964844
2024-12-24,9.571000099182129,22.862499237060547,36.904998779296875,9.64050006866455,36.41749954223633,41983.87109375,4.316431045532227,9.260945320129395,2764.0,1361.75537109375,,534.9258422851562,789.2394409179688,8.532500267028809,14.074999809265137,27.065000534057617,4049.0,33.79999923706055,9.879366874694824,88.74319458007812,111.5999984741211
2024-12-27,9.494500160217285,22.912500381469727,37.04999923706055,9.738499641418457,36.23749923706055,41616.38671875,4.318048477172852,9.209444046020508,2735.0,1382.9976806640625,,527.1769409179688,790.7385864257812,8.587499618530273,14.1899995803833,27.03499984741211,4047.0,33.532501220703125,9.873808860778809,88.31332397460938,111.23999786376953
2024-12-30,9.493000030517578,23.022499084472656,36.63999938964844,9.79800033569336,36.20500183105469,41399.40625,4.322437763214111,9.221148490905762,2726.0,1375.00048828125,,523.4274291992188,788.3399047851562,8.550000190734863,14.050000190734863,26.434999465942383,4034.0,33.125,9.865471839904785,87.8441390991211,110.80000305175781
2024-12-31,9.378999710083008,23.022499084472656,36.38999938964844,9.878999710083008,36.334999084472656,41537.38671875,4.326365947723389,9.251581192016602,2736.0,1375.750244140625,,530.176513671875,792.6373291015625,8.582500457763672,14.09000015258789,26.459999084472656,4046.0,33.310001373291016,9.946989059448242,88.07503509521484,111.16000366210938
2025-01-02,9.297499656677246,23.309999465942383,36.11000061035156,10.140000343322754,36.32500076293945,41704.8828125,4.327520847320557,9.232852935791016,2738.0,1397.242431640625,,539.4252319335938,801.6321411132812,8.774999618530273,14.095000267028809,27.05500030517578,4175.0,33.752498626708984,9.94884204864502,88.86357879638672,112.1500015258789
2025-01-03,9.204500198364258,23.046249389648438,36.54499816894531,10.142999649047852,36.5625,41834.8828125,4.325441360473633,9.225830078125,2745.0,1387.995849609375,,539.6752319335938,799.33349609375,8.823749542236328,14.079999923706055,27.290000915527344,4135.0,33.96500015258789,9.92660903930664,88.85865020751953,112.08999633789062
2025-01-06,9.13599967956543,23.270000457763672,37.61000061035156,10.185999870300293,36.97999954223633,42352.35546875,4.326595783233643,9.21412467956543,2791.0,1390.744873046875,,544.1746215820312,802.83154296875,8.904999732971191,14.220000267028809,27.625,4095.0,35.3650016784668,9.94884204864502,89.46295928955078,112.8499984741211
2025-01-07,9.11299991607666,23.27750015258789,37.66999816894531,10.206500053405762,36.60499954223633,41753.8828125,4.324285984039307,9.183692932128906,2740.0,1390.2449951171875,,546.5492553710938,802.3318481445312,8.895000457763672,14.135000228881836,27.600000381469727,4127.0,34.98500061035156,9.922904968261719,88.65968322753906,112.19000244140625
2025-01-08,9.121000289916992,23.260000228881836,38.209999084472656,10.100000381469727,36.5,41880.37890625,4.326365947723389,9.113463401794434,2747.0,1392.9940185546875,,537.9254150390625,802.4317016601562,8.859999656677246,14.055000305175781,27.639999389648438,4196.0,34.61000061035156,9.83027172088623,89.11412811279297,112.5999984741211
2025-01-09,9.174500465393066,23.46875,38.63999938964844,10.208499908447266,36.72999954223633,41976.37109375,4.32590389251709,9.118145942687988,2749.0,1385.99658203125,,537.9254150390625,808.2283935546875,8.893750190734863,14.055000305175781,27.690000534057617,4218.0,34.814998626708984,9.896966934204102,89.49243927001953,113.0199966430664
2025-01-10,9.04699993133545,23.795000076293945,38.58000183105469,10.383000373840332,36.59749984741211,41605.88671875,4.322206974029541,9.092394828796387,2706.0,1374.0008544921875,,526.927001953125,801.4322509765625,8.887499809265137,13.75,27.875,4284.0,34.3025016784668,9.763574600219727,88.77022552490234,112.22000122070312
2025-01-13,9.092499732971191,24.092500686645508,38.900001525878906,10.61299991607666,36.89250183105469,41431.3984375,4.322206974029541,9.0736665725708,2680.0,1373.7509765625,,525.17724609375,798.43408203125,9.135000228881836,13.779999732971191,27.204999923706055,4261.0,33.994998931884766,9.760794639587402,88.74319458007812,112.01000213623047
2025-01-14,9.293499946594238,24.010000228881836,38.97999954223633,10.501999855041504,37.30500030517578,41614.88671875,4.321282863616943,9.054939270019531,2692.0,1373.251220703125,,530.426513671875,796.6351318359375,9.109999656677246,13.920000076293945,27.3799991607666,4258.0,34.060001373291016,9.70799446105957,89.08956146240234,112.47000122070312
2025-01-15,9.26550006866455,24.27375030517578,39.369998931884766,10.72599983215332,37.70000076293945,42338.85546875,4.330292701721191,9.167305946350098,2736.5,1386.9962158203125,,538.67529296875,805.9296875,9.300000190734863,14.3149995803833,27.829999923706055,4274.0,34.79999923706055,9.920125007629395,90.4111557006836,113.87999725341797
2025-01-16,9.276000022888184,24.229999542236328,39.75,10.571999549865723,38.30500030517578,42481.84765625,4.336761951446533,9.2129545211792,2734.0,1373.1365966796875,,536.4256591796875,815.2243041992188,9.335000038146973,14.444999694824219,28.219999313354492,4318.0,35.6150016784668,10.006275177001953,90.56837463378906,114.36000061035156
2025-01-17,9.477999687194824,24.3075008392334,39.279998779296875,10.630499839782715,38.3849983215332,43003.8203125,4.336069107055664,9.228171348571777,2772.0,1382.6341552734375,,542.9247436523438,825.7181396484375,9.460000038146973,14.574999809265137,27.84000015258789,4328.0,35.96500015258789,10.16745662689209,91.76467895507812,115.77999877929688
2025-01-20,9.588500022888184,24.125,38.744998931884766,10.524999618530273,38.599998474121094,42861.82421875,4.335145473480225,9.221148490905762,2757.0,1383.3839111328125,,542.4248046875,827.81689453125,9.452500343322754,14.704999923706055,27.979999542236328,4274.0,36.147499084472656,10.158193588256836,91.21443939208984,115.4000015258789
2025-01-21,9.424500465393066,24.18375015258789,39.02000045776367,10.521499633789062,39.29499816894531,42631.8359375,4.331910610198975,9.27499008178711,2732.0,1387.8826904296875,,528.1768188476562,830.515380859375,9.444999694824219,14.720000267028809,28.1299991607666,4324.0,36.00749969482422,10.208216667175293,91.22671508789062,115.36000061035156
2025-01-22,9.406499862670898,24.207500457763672,38.63999938964844,10.487000465393066,39.59000015258789,43481.296875,4.331448078155518,9.251581192016602,2808.0,1391.6317138671875,,520.1779174804688,830.015625,9.367500305175781,14.630000114440918,28.149999618530273,4354.0,36.97999954223633,10.243416786193848,92.17982482910156,116.19999694824219
2025-01-23,9.367500305175781,24.184999465942383,38.79999923706055,10.39050006866455,39.025001525878906,43212.8046875,4.33375883102417,9.260945320129395,2799.5,1394.131103515625,,516.4284057617188,831.91455078125,9.232500076293945,14.725000381469727,27.780000686645508,4333.0,36.154998779296875,10.28139591217041,92.02752685546875,116.12999725341797
2025-01-24,9.4399995803833,24.1924991607666,39.0099983215332,10.366999626159668,38.92499923706055,42829.328125,4.3402276039123535,9.246899604797363,2770.5,1396.88037109375,,515.6785278320312,826.6176147460938,9.234999656677246,14.78499984741211,28.184999465942383,4320.0,35.775001525878906,10.233226776123047,91.3004150390625,115.4000015258789
2025-01-27,9.491000175476074,23.790000915527344,38.220001220703125,10.170000076293945,37.81999969482422,41318.90625,4.339303493499756,9.291378021240234,2600.0,1380.6346435546875,,511.9290466308594,826.6176147460938,9.076250076293945,14.819999694824219,27.700000762939453,4268.0,32.52000045776367,10.26379680633545,89.34503936767578,113.5199966430664
2025-01-28,9.455499649047852,23.832500457763672,38.244998931884766,10.168999671936035,37.77000045776367,41842.87890625,4.34161376953125,9.272649765014648,2666.0,1391.3817138671875,,509.9293518066406,829.2161254882812,9.024999618530273,14.90999984741211,27.760000228881836,4307.0,32.209999084472656,10.358283042907715,90.47010803222656,114.5199966430664
2025-01-29,9.63700008392334,24.09000015258789,38.73500061035156,10.182000160217285,37.40999984741211,42016.8671875,4.343924045562744,9.260945320129395,2667.0,1396.63037109375,,519.9279174804688,831.7146606445312,9.0625,15.0,28.260000228881836,4300.0,32.78499984741211,10.377735137939453,90.57574462890625,114.86000061035156
2025-01-30,9.678999900817871,24.149999618530273,38.970001220703125,10.190500259399414,37.595001220703125,42023.8671875,4.345772743225098,9.310105323791504,2643.0,1409.6270751953125,,527.4268798828125,840.6094360351562,9.103750228881836,15.072500228881836,28.959999084472656,4354.0,33.52000045776367,10.480558395385742,90.39887237548828,115.12000274658203
2025-01-31,9.637999534606934,24.017499923706055,38.5,10.144499778747559,38.2599983215332,42839.828125,4.34461784362793,9.310105323791504,2702.5,1410.876708984375,,530.6763916015625,842.8081665039062,8.97249984741211,15.057499885559082,28.834999084472656,4388.0,34.5525016784668,10.499083518981934,91.56079864501953,116.16000366210938
2025-02-03,9.51550006866455,24.34000015258789,38.709999084472656,10.1274995803833,38.0099983215332,41960.875,4.34461784362793,9.354584693908691,2609.0,1393.38134765625,,524.6773071289062,834.512939453125,8.890000343322754,14.885000228881836,29.0,4417.0,33.279998779296875,10.395336151123047,90.07461547851562,114.33999633789062
2025-02-04,9.614999771118164,24.387500762939453,39.20000076293945,10.16450023651123,39.15999984741211,42257.35546875,4.3448486328125,9.331174850463867,2632.0,1391.6317138671875,,527.1769409179688,832.8140258789062,9.069999694824219,14.914999961853027,29.55500030517578,4423.0,33.33250045776367,10.3842191696167,90.13603210449219,114.5999984741211
2025-02-05,9.456999778747559,24.34000015258789,39.68000030517578,9.975000381469727,38.98500061035156,42024.8671875,4.350393295288086,9.392041206359863,2644.0,1399.6295166015625,,528.9267578125,838.2108154296875,9.087499618530273,14.9399995803833,29.725000381469727,4453.0,33.459999084472656,10.41015625,89.80685424804688,114.30999755859375
2025-02-06,9.628000259399414,24.405000686645508,40.04999923706055,9.98900032043457,38.82500076293945,42633.8359375,4.3496994972229,9.373312950134277,2686.5,1422.12353515625,,529.1766357421875,848.304931640625,8.979999542236328,15.135000228881836,29.450000762939453,4455.0,33.8650016784668,10.48333740234375,91.00071716308594,115.80999755859375
2025-02-07,9.769499778747559,24.447500228881836,41.150001525878906,9.959500312805176,39.029998779296875,42529.33984375,4.3448486328125,9.366289138793945,2681.0,1409.1270751953125,,523.9274291992188,846.00634765625,8.97249984741211,15.104999542236328,29.450000762939453,4491.0,33.60749816894531,10.3944091796875,90.7415542602539,115.5999984741211
2025-02-10,9.89799976348877,24.737499237060547,42.29999923706055,10.135000228881836,39.209999084472656,42948.3203125,4.346696376800537,9.373312950134277,2723.0,1413.1259765625,,521.427734375,852.6024780273438,9.09000015258789,14.899999618530273,29.395000457763672,4560.0,34.19499969482422,10.496306419372559,91.2218017578125,116.16000366210938
2025-02-11,9.84850025177002,24.854999542236328,41.31999969482422,10.27400016784668,39.23500061035156,42791.828125,4.34461784362793,9.361607551574707,2723.5,1410.376708984375,,518.1781616210938,853.2021484375,9.207500457763672,14.880000114440918,29.260000228881836,4546.0,34.33000183105469,10.511126518249512,90.98597717285156,115.91999816894531
2025-02-12,9.989999771118164,24.760000228881836,42.220001220703125,10.16450023651123,39.1349983215332,42509.34765625,4.337916851043701,9.320640563964844,2700.0,1385.38330078125,,513.6788330078125,856.0004272460938,9.112500190734863,14.824999809265137,29.454999923706055,4530.0,33.75,10.473146438598633,90.49713134765625,115.41000366210938
2025-02-13,9.82800006866455,24.872499465942383,42.994998931884766,10.059499740600586,39.11000061035156,42760.83203125,4.345310688018799,9.368631362915039,2719.0,1401.8790283203125,,513.6788330078125,852.9022827148438,9.010000228881836,14.944999694824219,29.479999542236328,4521.0,34.13999938964844,10.510200500488281,90.53890991210938,115.63999938964844
2025-02-14,10.043999671936035,24.90999984741211,42.040000915527344,10.010499954223633,39.11000061035156,42763.83203125,4.350393295288086,9.375653266906738,2715.0,1398.1300048828125,,515.1785888671875,849.2045288085938,9.132499694824219,15.069999694824219,29.760000228881836,4458.5,33.94499969482422,10.443504333496094,90.40624237060547,115.4800033569336
2025-02-17,10.086000442504883,24.787500381469727,41.56999969482422,10.056500434875488,40.29999923706055,42972.8203125,4.3496994972229,9.349902153015137,2732.0,1413.8758544921875,,514.4286499023438,853.2021484375,9.113750457763672,15.100000381469727,29.579999923706055,4464.0,34.07500076293945,10.511126518249512,90.57328796386719,115.83999633789062
2025-02-18,10.031000137329102,25.053749084472656,41.290000915527344,10.133000373840332,41.04499816894531,42841.828125,4.349931240081787,9.321810722351074,2741.0,1413.6258544921875,,517.67822265625,852.3026733398438,9.170000076293945,15.085000038146973,30.110000610351562,4513.0,34.35499954223633,10.471294403076172,90.38414001464844,115.73999786376953
2025-02-19,10.098999977111816,25.323749542236328,41.279998779296875,10.236000061035156,41.45000076293945,43046.81640625,4.3462347984313965,9.28669548034668,2748.0,1405.6279296875,,524.8023071289062,847.0057983398438,9.305000305175781,15.130000114440918,29.905000686645508,4517.0,34.61000061035156,10.413862228393555,90.83613586425781,115.87999725341797
2025-02-20,10.199999809265137,25.292499542236328,41.779998779296875,10.290499687194824,39.875,42569.83984375,4.353165626525879,9.300742149353027,2727.0,1401.629150390625,,519.427978515625,844.0075073242188,9.279999732971191,14.859999656677246,30.2549991607666,4528.0,34.39250183105469,10.385146141052246,89.9345932006836,114.9800033569336
2025-02-21,10.37600040435791,25.188749313354492,41.33000183105469,10.04699993133545,39.869998931884766,42461.84765625,4.354783058166504,9.321810722351074,2719.0,1399.1297607421875,,518.8031005859375,844.207275390625,9.292499542236328,14.9399995803833,29.940000534057617,4513.0,34.067501068115234,10.438874244689941,89.72579193115234,114.93000030517578
2025-02-24,10.097999572753906,24.850000381469727,40.849998474121094,9.994500160217285,39.38999938964844,41666.88671875,4.356400489807129,9.325322151184082,2658.5,1388.1326904296875,,520.4279174804688,843.4078369140625,9.21500015258789,14.850000381469727,29.56999969482422,4522.0,33.39500045776367,10.419419288635254,88.78250885009766,113.83999633789062
2025-02-25,10.083999633789062,24.577499389648438,40.494998931884766,9.725000381469727,39.560001373291016,40524.9453125,4.36379337310791,9.366289138793945,2588.0,1392.6314697265625,,521.552734375,844.4072875976562,9.0,14.630000114440918,28.71500015258789,4448.0,32.11249923706055,10.446285247802734,87.21772766113281,112.41999816894531
2025-02-26,10.22599983215332,24.59749984741211,41.22999954223633,9.730999946594238,40.209999084472656,41060.91796875,4.361483097076416,9.368631362915039,2627.0,1403.6285400390625,,529.926513671875,850.9034423828125,9.02750015258789,14.850000381469727,29.190000534057617,4456.0,32.849998474121094,10.492600440979004,88.19294738769531,113.5999984741211
2025-02-27,10.175000190734863,24.548749923706055,41.09000015258789,9.863499641418457,40.209999084472656,40722.43359375,4.368645191192627,9.35926628112793,2602.0,1404.3782958984375,,517.4283447265625,853.8017578125,9.102499961853027,14.984999656677246,28.735000610351562,4423.0,32.10499954223633,10.413862228393555,88.07994079589844,113.19000244140625
2025-02-28,9.98449993133545,24.172500610351562,40.560001373291016,9.807000160217285,39.369998931884766,40048.96875,4.378579616546631,9.385017395019531,2539.0,1384.633544921875,,509.42938232421875,858.6990356445312,9.053750038146973,14.960000038146973,28.405000686645508,4396.0,31.30500030517578,10.455546379089355,87.16613006591797,112.05000305175781
2025-03-03,9.90149974822998,24.34000015258789,41.220001220703125,9.802000045776367,41.939998626708984,40127.96484375,4.375807285308838,9.363948822021484,2524.0,1401.129150390625,,502.4303894042969,864.8953247070312,9.102499961853027,15.1899995803833,29.045000076293945,4418.0,31.170000076293945,10.455546379089355,87.10472106933594,112.36000061035156
2025-03-04,9.816499710083008,24.34000015258789,40.54999923706055,9.491000175476074,41.68000030517578,38737.03515625,4.385972023010254,9.385017395019531,2434.5,1366.6383056640625,,496.3312072753906,854.0015869140625,8.707500457763672,14.449999809265137,28.969999313354492,4447.0,29.719999313354492,10.32215404510498,84.35346221923828,109.19999694824219
2025-03-05,9.960000038146973,24.448749542236328,42.939998626708984,9.206000328063965,43.560001373291016,38424.05078125,4.381814002990723,9.289037704467773,2410.5,1377.6353759765625,,499.93072509765625,852.9022827148438,8.484999656677246,14.40999984741211,29.834999084472656,4423.0,29.920000076293945,10.363839149475098,83.33892059326172,109.1500015258789
2025-03-06,10.112000465393066,24.577499389648438,43.40999984741211,9.279000282287598,44.290000915527344,38625.0390625,4.377655029296875,9.284355163574219,2434.0,1386.1331787109375,,502.9302978515625,848.5048217773438,8.65250015258789,14.46500015258789,29.985000610351562,4391.0,29.809999465942383,10.340681076049805,83.8916244506836,109.63999938964844
2025-03-07,10.079999923706055,24.582500457763672,42.279998779296875,9.508000373840332,43.595001220703125,37546.09765625,4.384123802185059,9.303083419799805,2381.0,1371.636962890625,,509.9293518066406,848.9046630859375,8.772500038146973,14.055000305175781,29.540000915527344,4388.0,29.225000381469727,10.295292854309082,82.22367095947266,107.81999969482422
2025-03-10,9.882499694824219,24.670000076293945,41.83000183105469,9.363499641418457,43.7599983215332,37131.11328125,4.385509967803955,9.305423736572266,2342.5,1362.639404296875,,514.6786499023438,840.9093017578125,8.930000305175781,14.029999732971191,29.479999542236328,4371.0,28.957500457763672,10.210068702697754,81.82572174072266,106.98999786376953
2025-03-11,9.945500373840332,24.738750457763672,42.619998931884766,9.395000457763672,43.43000030517578,36685.13671875,4.386204242706299,9.283185005187988,2305.25,1340.3953857421875,,510.67926025390625,830.9151000976562,8.863750457763672,13.835000038146973,30.0049991607666,4378.0,28.350000381469727,10.026654243469238,80.31005859375,105.43000030517578
2025-03-12,9.894499778747559,24.584999084472656,43.470001220703125,9.56350040435791,43.880001068115234,37112.1171875,4.383200168609619,9.244559288024902,2349.5,1364.138916015625,,508.67950439453125,835.7123413085938,8.892499923706055,13.880000114440918,30.440000534057617,4399.0,29.282499313354492,10.071117401123047,80.8038330078125,106.23999786376953
2025-03-13,9.920499801635742,24.764999389648438,43.91999816894531,9.446000099182129,43.76499938964844,36487.49609375,4.381028175354004,9.27499008178711,2308.5,1364.138916015625,,510.3042907714844,832.4615478515625,8.8774995803833,13.824999809265137,31.014999389648438,4474.0,29.149999618530273,10.043327331542969,79.89246368408203,105.41999816894531
2025-03-14,10.20199966430664,24.600000381469727,43.619998931884766,9.467000007629395,45.22999954223633,37118.46484375,4.381500720977783,9.298401832580566,2361.5,1383.1339111328125,,515.8035278320312,841.456787109375,9.02750015258789,14.017499923706055,30.825000762939453,4493.0,29.825000762939453,10.139667510986328,81.1084213256836,106.95999908447266
2025-03-17,10.253000259399414,24.790000915527344,44.25,9.567500114440918,46.04999923706055,37035.47265625,4.381500720977783,9.342880249023438,2345.0,1391.1318359375,,522.3026123046875,846.0543823242188,9.225000381469727,14.204999923706055,30.8799991607666,4480.0,29.934999465942383,10.159119606018066,81.13790130615234,107.3499984741211
2025-03-18,10.265999794006348,24.893749237060547,44.84000015258789,9.515000343322754,46.47999954223633,36729.48046875,4.3803205490112305,9.314788818359375,2339.0,1387.6326904296875,,522.6775512695312,848.3531494140625,9.2162504196167,14.244999885559082,31.2450008392334,4539.0,29.815000534057617,10.16653060913086,80.73504638671875,107.05000305175781
2025-03-19,10.255000114440918,24.912500381469727,45.689998626708984,9.532500267028809,46.21500015258789,37072.47265625,4.377960205078125,9.32883358001709,2362.0,1395.6307373046875,,524.4273071289062,848.7529296875,9.342499732971191,14.34000015258789,30.729999542236328,4546.0,30.014999389648438,10.188762664794922,81.462158203125,107.73999786376953
2025-03-20,10.043999671936035,24.896249771118164,45.75,9.661999702453613,45.17499923706055,37084.97265625,4.386457920074463,9.326493263244629,2353.25,1396.63037109375,,523.177490234375,848.5530395507812,9.385000228881836,14.449999809265137,30.575000762939453,4549.0,29.94499969482422,10.19154167175293,81.63922119140625,107.63999938964844
2025-03-21,9.913999557495117,24.815000534057617,45.65999984741211,9.687999725341797,44.439998626708984,37206.9609375,4.390470504760742,9.270308494567871,2357.0,1401.129150390625,,521.9276733398438,842.4563598632812,9.321249961853027,14.364999771118164,30.225000381469727,4536.0,29.81999969482422,10.150782585144043,81.59488677978516,107.63999938964844
2025-03-24,9.933500289916992,24.787500381469727,45.689998626708984,9.8149995803833,45.310001373291016,38121.4296875,4.383625507354736,9.26562786102295,2413.0,1400.3795166015625,,518.9281005859375,842.2564086914062,9.467499732971191,14.609999656677246,30.260000228881836,4532.0,30.71500015258789,10.149003982543945,83.27767944335938,109.05999755859375
2025-03-25,9.918499946594238,24.78874969482422,46.66999816894531,9.769000053405762,45.630001068115234,38175.9296875,4.385513782501221,9.232852935791016,2410.0,1404.1282958984375,,519.427978515625,844.9550170898438,9.489999771118164,14.654999732971191,30.809999465942383,4534.0,30.40250015258789,10.161178588867188,83.07071685791016,108.98999786376953
2025-03-26,9.911999702453613,24.832500457763672,46.93000030517578,9.914999961853027,45.560001373291016,37923.4296875,4.385985374450684,9.263285636901855,2377.0,1399.1297607421875,,515.4285888671875,847.3536376953125,9.587499618530273,14.699999809265137,30.864999771118164,4547.0,29.627500534057617,10.151814460754395,83.00665283203125,108.73999786376953
2025-03-27,9.942500114440918,24.84749984741211,46.040000915527344,9.904000282287598,45.41999816894531,37548.453125,4.386457920074463,9.230512619018555,2345.0,1391.1318359375,,513.0538940429688,845.6544799804688,9.52750015258789,14.670000076293945,31.440000534057617,4578.0,28.864999771118164,10.119035720825195,82.2995376586914,107.94000244140625
2025-03-28,9.802499771118164,24.863750457763672,46.04999923706055,9.795999526977539,44.28499984741211,36489.49609375,4.39471960067749,9.27967357635498,2282.0,1359.140380859375,,512.9288940429688,844.8551025390625,9.407500267028809,14.354999542236328,31.200000762939453,4625.0,28.059999465942383,10.161178588867188,80.65122985839844,106.18000030517578
2025-03-31,9.746000289916992,25.059999465942383,45.08000183105469,10.076000213623047,43.88999938964844,36060.5078125,4.395663261413574,9.298401832580566,2252.0,1345.643798828125,,503.68017578125,834.4605102539062,9.557499885559082,14.354999542236328,31.059999465942383,4693.0,27.607500076293945,10.067527770996094,80.20280456542969,105.41999816894531
2025-04-01,9.78499984741211,25.18000030517578,45.150001525878906,10.12600040435791,44.65999984741211,36736.48046875,4.395191669464111,9.32883358001709,2299.0,1345.14404296875,,509.6793518066406,842.0564575195312,9.529999732971191,14.510000228881836,30.950000762939453,4703.0,28.094999313354492,10.11997127532959,81.36327362060547,106.62000274658203
2025-04-02,9.732000350952148,25.18375015258789,45.16999816894531,10.11299991607666,44.91999816894531,36803.48046875,4.396607398986816,9.317129135131836,2310.0,1332.6473388671875,,511.6790771484375,839.6576538085938,9.579999923706055,14.585000038146973,31.084999084472656,4687.0,28.177499771118164,10.096559524536133,81.4211654663086,106.55999755859375
2025-04-03,9.45300006866455,24.602500915527344,43.369998931884766,9.42300033569336,45.275001525878906,34881.55859375,4.411478042602539,9.41310977935791,2145.75,1270.91357421875,,511.9290466308594,826.9644165039062,9.029999732971191,14.010000228881836,29.264999389648438,4604.0,25.912500381469727,9.94016170501709,77.58621215820312,102.33999633789062
2025-04-04,9.093999862670898,23.622499465942383,40.060001373291016,8.807999610900879,42.599998474121094,33689.60546875,4.420212745666504,9.47397518157959,2061.0,1221.6767578125,,494.2314758300781,786.3858032226562,8.265000343322754,13.109999656677246,27.350000381469727,4540.0,24.434999465942383,9.585221290588379,74.75279998779297,98.38999938964844
2025-04-07,8.603500366210938,23.2549991607666,38.029998779296875,8.67300033569336,40.8650016784668,32975.640625,4.4140753746032715,9.321810722351074,2021.0,1229.674560546875,,484.3328552246094,752.3037109375,7.861249923706055,12.6899995803833,27.3799991607666,4551.0,24.2450008392334,9.141783714294434,73.32377624511719,96.22000122070312
2025-04-08,8.734999656677246,23.173749923706055,37.56999969482422,8.607999801635742,43.43000030517578,34247.5859375,4.40770149230957,9.312445640563965,2113.0,1267.6644287109375,,488.0323791503906,772.6929931640625,8.015000343322754,13.210000038146973,27.610000610351562,4575.0,25.542499542236328,9.420395851135254,75.67181396484375,99.05000305175781
2025-04-09,8.72350025177002,22.93000030517578,37.900001525878906,8.130999565124512,42.625,32974.640625,4.429654598236084,9.197738647460938,2045.5,1227.6751708984375,,472.2345275878906,750.904541015625,7.758749961853027,12.664999961853027,27.809999465942383,4691.0,24.427499771118164,9.173624038696289,72.8802719116211,95.69999694824219
2025-04-10,8.898500442504883,23.607500076293945,39.61000061035156,8.50100040435791,44.8650016784668,34562.5703125,4.40911865234375,9.333516120910645,2148.0,1267.6644287109375,,481.0333251953125,774.9918823242188,7.917500019073486,13.345000267028809,28.489999771118164,4744.0,25.717500686645508,9.571174621582031,75.69151306152344,99.16999816894531
2025-04-11,8.935999870300293,23.837499618530273,40.31999969482422,8.524999618530273,45.494998931884766,34305.58203125,4.3961358070373535,9.26562786102295,2146.5,1257.9171142578125,,484.5328369140625,780.7887573242188,7.789999961853027,13.305000305175781,29.40999984741211,4823.0,25.604999542236328,9.568364143371582,75.07064056396484,98.8949966430664
2025-04-14,9.072500228881836,23.91374969482422,41.2400016784668,8.711999893188477,47.20500183105469,34921.55859375,4.402272701263428,9.324151992797852,2197.0,1288.1591796875,,496.53118896484375,797.2800903320312,8.095000267028809,13.770000457763672,29.440000534057617,4725.0,26.092500686645508,9.75660514831543,76.76329040527344,101.0199966430664
2025-04-15,8.982500076293945,23.8075008392334,41.4900016784668,8.667499542236328,47.73500061035156,34911.55859375,4.40770149230957,9.305423736572266,2190.0,1301.655517578125,,495.23138427734375,808.7740478515625,8.145000457763672,13.90999984741211,29.510000228881836,4734.0,26.295000076293945,9.902701377868652,76.57357788085938,100.9800033569336
2025-04-16,8.909500122070312,24.13249969482422,41.849998474121094,8.824999809265137,47.73500061035156,34318.58203125,4.4128947257995605,9.354584693908691,2137.0,1297.9066162109375,,497.131103515625,811.0728759765625,8.2524995803833,13.795000076293945,30.065000534057617,4868.0,25.377500534057617,9.899890899658203,75.6890640258789,100.44000244140625
2025-04-17,8.894499778747559,24.267499923706055,41.79999923706055,9.043999671936035,47.599998474121094,33664.60546875,4.415491580963135,9.366289138793945,2089.0,1314.1522216796875,,497.131103515625,812.0723266601562,8.397500038146973,13.664999961853027,29.469999313354492,4832.0,24.8700008392334,9.932669639587402,74.60742950439453,99.31500244140625
2025-04-22,8.930500030517578,24.287500381469727,43.40999984741211,9.060999870300293,47.470001220703125,33324.62109375,4.41336727142334,9.380335807800293,2051.5,1319.40087890625,,502.9302978515625,817.7692260742188,8.300000190734863,13.6225004196167,30.040000915527344,4966.0,24.549999237060547,9.908319473266602,73.53073120117188,98.81999969482422
2025-04-23,9.166000366210938,24.09000015258789,43.439998626708984,8.798999786376953,47.73500061035156,34579.5703125,4.406521320343018,9.377995491027832,2148.5,1337.6461181640625,,499.130859375,824.8656005859375,8.282500267028809,14.010000228881836,30.614999771118164,4791.0,25.854999542236328,10.034749031066895,76.09312438964844,101.44000244140625
2025-04-24,9.150500297546387,24.162500381469727,43.470001220703125,8.876999855041504,48.22999954223633,35021.546875,4.413838863372803,9.44354248046875,2186.0,1337.3961181640625,,503.9301452636719,825.4651489257812,8.395000457763672,13.994999885559082,30.530000686645508,4862.0,26.69499969482422,10.075018882751465,76.48981475830078,101.9000015258789
2025-04-25,9.117500305175781,24.232500076293945,43.25,8.940500259399414,48.290000915527344,35352.54296875,4.4140753746032715,9.431838035583496,2213.5,1343.64453125,,507.9295959472656,825.9649658203125,8.404999732971191,13.949999809265137,30.139999389648438,4779.0,26.90250015258789,10.090003967285156,76.88895416259766,102.33999633789062
2025-04-28,9.062999725341797,24.272499084472656,43.26499938964844,8.787500381469727,48.44499969482422,35089.046875,4.41785192489624,9.429496765136719,2198.0,1353.8917236328125,,509.30438232421875,826.36474609375,8.430000305175781,13.979999542236328,30.34000015258789,4830.0,26.50749969482422,10.14993953704834,76.61546325683594,102.04000091552734
2025-04-29,9.033499717712402,24.177499771118164,43.439998626708984,8.6850004196167,49.13999938964844,35477.03125,4.424933910369873,9.438859939575195,2221.5,1365.6385498046875,,508.67950439453125,831.1622314453125,8.4375,14.079999923706055,30.315000534057617,4797.0,26.875,10.165861129760742,77.0096664428711,102.63999938964844
2025-04-30,9.041500091552734,24.017499923706055,41.130001068115234,8.576000213623047,49.38999938964844,35426.5390625,4.429182529449463,9.478657722473145,2218.5,1357.6407470703125,,678.0659790039062,832.5615234375,8.260000228881836,14.085000038146973,29.979999542236328,4816.0,26.762500762939453,10.191146850585938,77.18706512451172,102.8499984741211
2025-05-01,9.081000328063965,23.712499618530273,41.209999084472656,8.36299991607666,50.029998779296875,36731.48046875,4.428709983825684,9.427156448364258,2334.5,1370.3873291015625,,,834.0606689453125,8.337499618530273,14.265000343322754,29.594999313354492,4692.0,27.625,10.281990051269531,79.39466094970703,104.91999816894531
2025-05-02,9.331999778747559,23.96125030517578,41.31999969482422,8.33650016784668,51.02000045776367,36905.48046875,4.415491580963135,9.427156448364258,2332.0,1373.636474609375,,682.0654296875,843.6555786132812,8.28125,14.4350004196167,29.280000686645508,4737.0,28.167499542236328,10.322258949279785,79.66815948486328,105.7699966430664
2025-05-06,9.40999984741211,24.27750015258789,42.619998931884766,8.541999816894531,50.88999938964844,36326.5,4.414546966552734,9.424814224243164,2292.0,1385.133544921875,,681.5755615234375,844.2552490234375,8.28499984741211,14.425000190734863,30.385000228881836,4941.0,27.55500030517578,10.329751014709473,78.77623748779297,104.9800033569336
2025-05-07,9.30150032043457,24.0625,41.275001525878906,8.385499954223633,51.0099983215332,36144.50390625,4.420212745666504,9.459928512573242,2281.5,1374.3863525390625,,682.8953247070312,840.9570922851562,8.237500190734863,14.4399995803833,29.825000762939453,4929.0,27.639999389648438,10.343798637390137,78.53478240966797,104.69999694824219
2025-05-08,9.402000427246094,24.045000076293945,40.810001373291016,8.585000038146973,52.029998779296875,36974.47265625,4.41265869140625,9.406086921691895,2342.5,1380.6346435546875,,687.774658203125,838.3583984375,8.390000343322754,14.600000381469727,29.875,4880.0,28.549999237060547,10.380322456359863,79.85047912597656,105.87999725341797
2025-05-09,9.424500465393066,24.327499389648438,41.439998626708984,8.683500289916992,51.33000183105469,36869.48046875,4.411242485046387,9.377995491027832,2336.0,1378.38525390625,,698.293212890625,840.8571166992188,8.407500267028809,14.529999732971191,29.90999984741211,4879.0,28.655000686645508,10.339116096496582,79.59424591064453,105.83999633789062
2025-05-12,9.711999893188477,24.272499084472656,41.165000915527344,8.90999984741211,50.18000030517578,38368.4140625,4.406757831573486,9.340539932250977,2442.0,1400.6292724609375,,711.3214111328125,845.4547729492188,8.612500190734863,14.760000228881836,29.860000610351562,4760.0,30.540000915527344,10.399052619934082,82.17880249023438,108.4800033569336
2025-05-13,9.668499946594238,24.350000381469727,41.9900016784668,9.067500114440918,50.66999816894531,39041.3828125,4.403924942016602,9.317129135131836,2502.0,1385.38330078125,,736.617919921875,844.9550170898438,8.737500190734863,14.9399995803833,30.1200008392334,4755.0,31.4950008392334,10.393433570861816,82.96969604492188,109.16000366210938
2025-05-14,9.732000350952148,24.272499084472656,41.404998779296875,9.019000053405762,50.83000183105469,39172.3828125,4.402745246887207,9.296060562133789,2525.0,1368.6378173828125,,743.2870483398438,843.5557250976562,8.71500015258789,14.859999656677246,29.549999237060547,4652.0,31.649999618530273,10.37095832824707,82.88838195800781,109.01000213623047
2025-05-15,9.577500343322754,23.991249084472656,41.45500183105469,8.795999526977539,51.65999984741211,39264.37890625,4.40841007232666,9.132190704345703,2530.0,1384.1336669921875,,742.4552001953125,850.1521606445312,8.617500305175781,14.875,29.700000762939453,4701.0,31.55500030517578,10.495513916015625,83.05099487304688,109.2699966430664
2025-05-16,9.557499885559082,23.950000762939453,40.77000045776367,8.883999824523926,52.15999984741211,39379.375,4.409826278686523,9.338229179382324,2525.0,1388.1326904296875,,739.3054809570312,854.94970703125,8.632499694824219,15.015000343322754,29.31999969482422,4659.0,31.440000534057617,10.513306617736816,83.55115509033203,109.8499984741211
2025-05-19,9.490500450134277,23.90250015258789,41.56999969482422,8.904999732971191,52.880001068115234,39056.3828125,4.408173561096191,9.343012809753418,2504.0,1377.6353759765625,,733.1760864257812,856.4489135742188,8.579999923706055,15.010000228881836,29.635000228881836,4700.0,31.0049991607666,10.555450439453125,83.07317352294922,109.41000366210938
2025-05-20,9.559000015258789,24.102500915527344,41.34000015258789,8.882499694824219,53.060001373291016,39075.3828125,4.411715030670166,9.309534072875977,2498.0,1388.632568359375,,556.6939086914062,864.3447265625,8.552499771118164,14.984999656677246,30.084999084472656,4762.0,31.030000686645508,10.675324440002441,83.18650817871094,109.66000366210938
2025-05-21,9.543000221252441,24.337499618530273,41.81999969482422,8.892999649047852,53.36000061035156,39029.3828125,4.407938003540039,9.264098167419434,2492.5,1372.63671875,,546.9448852539062,864.6445922851562,8.427499771118164,14.819999694824219,30.625,4785.5,31.19499969482422,10.648164749145508,82.47692108154297,109.11000061035156
2025-05-22,9.504500389099121,24.112499237060547,41.6349983215332,8.770000457763672,52.939998626708984,38599.40625,4.411715030670166,9.271271705627441,2459.0,1374.6361083984375,,528.9467163085938,860.44677734375,8.265000343322754,14.645000457763672,30.190000534057617,4766.0,30.489999771118164,10.558260917663574,81.46183013916016,107.79000091552734
2025-05-23,9.414999961853027,24.303749084472656,42.61000061035156,8.869000434875488,52.470001220703125,37909.4296875,4.411950588226318,9.283227920532227,2407.5,1372.88671875,,530.9464721679688,858.048095703125,8.291250228881836,14.585000038146973,30.485000610351562,4832.0,29.612499237060547,10.517053604125977,80.36541748046875,106.77999877929688
2025-05-27,9.295499801635742,24.112499237060547,42.27000045776367,8.706999778747559,53.709999084472656,38627.40234375,4.414546966552734,9.335838317871094,2457.0,1409.3770751953125,,533.1962890625,864.2447509765625,8.397500038146973,14.760000228881836,30.2549991607666,4736.0,30.690000534057617,10.60696029663086,81.65401458740234,108.25
2025-05-28,9.249500274658203,24.008750915527344,41.630001068115234,8.906999588012695,53.720001220703125,38883.39453125,4.408882141113281,9.302359580993652,2474.0,1391.6317138671875,,530.446533203125,859.5473022460938,8.332500457763672,14.739999771118164,30.209999084472656,4756.0,30.752500534057617,10.576990127563477,82.02357482910156,108.3499984741211
2025-05-29,9.319499969482422,23.834999084472656,41.619998931884766,8.746000289916992,53.41999816894531,38794.3984375,4.421156406402588,9.366925239562988,2480.0,1398.1300048828125,,536.6959228515625,859.8471069335938,8.302499771118164,14.729999542236328,30.415000915527344,4775.0,30.84000015258789,10.670642852783203,81.88068389892578,108.5199966430664
2025-05-30,9.214500427246094,23.709999084472656,41.529998779296875,8.60099983215332,53.33000183105469,38637.40234375,4.415019512176514,9.35975170135498,2462.75,1395.6307373046875,,538.4457397460938,865.3441772460938,8.282500267028809,14.78499984741211,30.18000030517578,4741.0,30.139999389648438,10.653785705566406,81.7968978881836,108.18000030517578
2025-06-02,9.152000427246094,24.25749969482422,43.5,8.928000450134277,53.68000030517578,38498.41015625,4.41761589050293,9.340620994567871,2458.5,1401.629150390625,,531.4464111328125,865.4442138671875,8.373749732971191,14.744999885559082,31.479999542236328,4837.0,30.094999313354492,10.656593322753906,81.37805938720703,107.9000015258789
2025-06-03,9.26550006866455,24.27750015258789,43.119998931884766,9.086999893188477,54.310001373291016,39136.3828125,4.415727138519287,9.37888240814209,2512.0,1398.3798828125,,539.6956176757812,867.1431884765625,8.529999732971191,14.827500343322754,31.549999237060547,4814.0,31.017499923706055,10.617260932922363,82.47940063476562,108.86000061035156
2025-06-04,9.369999885559082,24.2549991607666,43.400001525878906,8.929499626159668,54.40999984741211,39174.3828125,4.422336578369141,9.409969329833984,2516.0,1390.382080078125,,540.445556640625,868.5425415039062,8.404999732971191,14.864999771118164,31.485000610351562,4829.0,31.325000762939453,10.649103164672852,82.48432159423828,109.12000274658203
2025-06-05,9.4350004196167,24.420000076293945,44.314998626708984,9.08549976348877,55.45000076293945,39389.375,4.4230451583862305,9.402796745300293,2534.0,1377.8853759765625,,540.195556640625,869.8418579101562,8.359999656677246,14.795000076293945,32.65999984741211,4797.0,31.732500076293945,10.668768882751465,82.52619934082031,109.22000122070312
2025-06-06,9.38700008392334,24.479999542236328,43.56999969482422,9.177000045776367,54.790000915527344,39355.375,4.41265869140625,9.381274223327637,2532.0,1387.6326904296875,,546.1949462890625,872.5404052734375,8.477499961853027,14.90999984741211,32.92499923706055,4786.0,31.78499984741211,10.730579376220703,82.9068603515625,109.62000274658203
2025-06-09,9.484000205993652,24.520000457763672,43.97999954223633,9.272000312805176,54.349998474121094,39362.375,4.415255546569824,9.383666038513184,2538.0,1389.63232421875,,547.44482421875,872.140625,8.520000457763672,14.835000038146973,33.55500030517578,4770.0,32.14250183105469,10.803627014160156,82.87852478027344,109.66000366210938
2025-06-10,9.460000038146973,24.479999542236328,43.88999938964844,9.390000343322754,53.4900016784668,39406.375,4.41785192489624,9.441058158874512,2534.0,1391.8817138671875,,556.6939086914062,874.2395629882812,8.710000038146973,14.854999542236328,33.33000183105469,4782.0,32.48500061035156,10.84670639038086,83.23332214355469,110.13999938964844
2025-06-11,9.51200008392334,24.4737491607666,42.98500061035156,9.432999610900879,54.060001373291016,39728.359375,4.416435718536377,9.43149185180664,2554.0,1390.382080078125,,560.8184204101562,875.3389282226562,8.668749809265137,14.920000076293945,33.20000076293945,4785.0,33.040000915527344,10.852326393127441,83.5930404663086,110.54000091552734
2025-06-12,9.468500137329102,24.59749984741211,43.084999084472656,9.630000114440918,54.619998931884766,39393.7421875,4.425168991088867,9.508014678955078,2553.0,1389.63232421875,,556.5689086914062,865.359619140625,8.807499885559082,14.8100004196167,33.18000030517578,4846.0,32.73500061035156,10.862627029418945,83.08548736572266,110.08000183105469
2025-06-13,9.41100025177002,24.977500915527344,42.8650016784668,10.039999961853027,55.650001525878906,39158.75,4.4183244705200195,9.455405235290527,2533.0,1383.6339111328125,,554.944091796875,862.0609741210938,8.930000305175781,14.649999618530273,33.150001525878906,4891.0,32.33000183105469,10.758675575256348,82.77013397216797,109.41000366210938
2025-06-16,9.46049976348877,24.969999313354492,42.970001220703125,9.847999572753906,55.72999954223633,39492.7421875,4.4230451583862305,9.460188865661621,2561.0,1389.38232421875,,564.1931762695312,863.660400390625,8.895000457763672,14.779999732971191,33.310001373291016,4866.0,32.88999938964844,10.857008934020996,83.19390869140625,110.12000274658203
2025-06-17,9.47350025177002,25.34749984741211,42.810001373291016,10.300000190734863,55.439998626708984,39545.734375,4.4230451583862305,9.457797050476074,2567.0,1380.134765625,,545.9449462890625,860.061767578125,9.057499885559082,14.642499923706055,33.9900016784668,4862.0,33.099998474121094,10.79800796508789,83.28507232666016,110.0
2025-06-18,9.441499710083008,25.454999923706055,43.23500061035156,10.285499572753906,55.31999969482422,39612.734375,4.426585674285889,9.486493110656738,2572.0,1397.630126953125,,547.9447631835938,860.9613647460938,8.9975004196167,14.704999923706055,33.790000915527344,4887.0,33.11000061035156,10.83734130859375,83.48216247558594,110.12999725341797
2025-06-19,9.349499702453613,25.700000762939453,42.77000045776367,10.701000213623047,54.540000915527344,39106.75,4.428946018218994,9.445840835571289,2544.0,1384.883544921875,,541.4453735351562,856.5631103515625,9.109999656677246,14.484999656677246,33.224998474121094,4869.0,32.630001068115234,10.730579376220703,82.62787628173828,109.0
2025-06-20,9.390000343322754,25.4325008392334,42.880001068115234,10.456999778747559,55.099998474121094,39351.7421875,4.425877571105957,9.464971542358398,2559.5,1371.3870849609375,,545.1950073242188,854.8638305664062,9.050000190734863,14.710000038146973,32.8650016784668,4858.0,32.66999816894531,10.751181602478027,83.16400146484375,109.38999938964844
2025-06-23,9.416999816894531,25.25749969482422,43.29999923706055,10.458000183105469,54.880001068115234,39373.7421875,4.435791492462158,9.500842094421387,2563.0,1362.1395263671875,,543.1952514648438,854.0640258789062,9.042499542236328,14.6850004196167,33.220001220703125,4876.0,32.73500061035156,10.829849243164062,83.00094604492188,109.2699966430664
2025-06-24,9.49899959564209,24.49250030517578,43.439998626708984,9.404999732971191,53.9900016784668,39755.73046875,4.438387870788574,9.503232955932617,2599.0,1366.6383056640625,,547.19482421875,854.4638671875,8.77750015258789,15.055000305175781,32.63999938964844,4724.0,33.70000076293945,10.783023834228516,83.59883880615234,110.13999938964844
2025-06-25,9.587499618530273,24.395000457763672,43.65999984741211,9.380000114440918,54.86000061035156,39896.7265625,4.43720817565918,9.488884925842285,2621.0,1364.388916015625,,545.6949462890625,850.4655151367188,8.699999809265137,15.015000343322754,32.91999816894531,4742.0,33.959999084472656,10.80175495147705,83.72977447509766,110.18000030517578
2025-06-26,9.503000259399414,24.40250015258789,45.29999923706055,9.463000297546387,56.540000915527344,39807.73046875,4.444761276245117,9.519972801208496,2615.0,1377.135498046875,,550.3195190429688,852.7645874023438,8.78499984741211,15.125,33.459999084472656,4696.0,33.99250030517578,10.758675575256348,83.50743103027344,110.04000091552734
2025-06-27,9.456500053405762,24.387500762939453,45.20000076293945,9.331000328063965,56.0099983215332,40279.7109375,4.442400932312012,9.47931957244873,2647.0,1409.1270751953125,,549.1946411132812,858.8623046875,8.725000381469727,15.225000381469727,33.03499984741211,4636.0,34.439998626708984,10.906643867492676,84.35484313964844,111.0999984741211
2025-06-30,9.465999603271484,24.325000762939453,44.85499954223633,9.314000129699707,56.54999923706055,40344.7109375,4.444289207458496,9.481711387634277,2647.0,1403.6285400390625,,548.6947021484375,853.964111328125,8.742500305175781,15.267499923706055,32.880001068115234,4658.0,34.349998474121094,10.796134948730469,84.53521728515625,111.25
2025-07-01,9.512999534606934,24.295000076293945,45.2599983215332,9.369000434875488,55.119998931884766,40092.71875,4.442636489868164,9.522363662719727,2629.0,1396.63037109375,,553.6941528320312,856.4630737304688,8.744999885559082,15.324999809265137,33.025001525878906,4734.0,33.85499954223633,10.921627044677734,84.56485748291016,111.26000213623047
2025-07-02,9.5625,24.483749389648438,45.8650016784668,9.465999603271484,55.08000183105469,40604.70703125,4.442164897918701,9.402796745300293,2672.0,1402.8787841796875,,569.9425659179688,855.4635009765625,8.807499885559082,15.329999923706055,33.32500076293945,4767.0,34.834999084472656,10.774595260620117,85.48145294189453,112.44000244140625
2025-07-03,9.555500030517578,24.65250015258789,45.459999084472656,9.583999633789062,55.7400016784668,40920.6875,4.4346113204956055,9.453014373779297,2711.0,1403.378662109375,,583.941162109375,859.86181640625,8.957500457763672,15.539999961853027,33.64500045776367,4736.0,35.11000061035156,10.873866081237793,86.09170532226562,112.9800033569336
2025-07-04,9.558500289916992,24.582500457763672,44.73500061035156,9.52299976348877,55.33000183105469,40743.69921875,4.439096450805664,9.445840835571289,2694.0,1395.6307373046875,,581.9413452148438,859.7618408203125,8.867500305175781,15.444999694824219,33.72999954223633,4744.5,34.790000915527344,10.82703971862793,85.66429138183594,112.5
2025-07-07,9.537500381469727,24.44499969482422,44.3849983215332,9.670999526977539,56.0099983215332,40728.69921875,4.43154239654541,9.421927452087402,2697.0,1381.6343994140625,,576.1919555664062,858.262451171875,8.859999656677246,15.4350004196167,33.46500015258789,4730.0,34.61750030517578,10.809247016906738,85.66429138183594,112.44000244140625
2025-07-08,9.655500411987305,24.424999237060547,44.209999084472656,9.779000282287598,55.650001525878906,40878.69140625,4.435082912445068,9.393230438232422,2707.0,1382.6341552734375,,572.1923217773438,862.9605712890625,9.012499809265137,15.305000305175781,33.29499816894531,4719.0,35.25,10.807373046875,85.90148162841797,112.7300033569336
2025-07-09,9.565999984741211,24.47249984741211,48.18000030517578,9.815500259399414,56.189998626708984,41006.6875,4.437443733215332,9.409969329833984,2719.0,1379.8848876953125,,574.9420776367188,864.6599731445312,9.0625,15.295000076293945,33.290000915527344,4731.0,35.247501373291016,10.858881950378418,86.06947326660156,112.95999908447266
2025-07-10,9.616000175476074,24.542499542236328,49.630001068115234,9.609000205993652,56.11000061035156,41140.6875,4.44098424911499,9.421927452087402,2733.0,1379.135009765625,,575.1920166015625,875.2556762695312,9.100000381469727,15.399999618530273,33.6349983215332,4755.0,35.72999954223633,10.983438491821289,86.6994857788086,113.63999938964844
2025-07-11,9.687999725341797,24.842500686645508,49.25,9.825499534606934,56.220001220703125,41238.6875,4.434847354888916,9.400405883789062,2747.0,1374.1363525390625,,572.1923217773438,871.9570922851562,9.172499656677246,15.274999618530273,35.0099983215332,4838.0,35.845001220703125,10.886977195739746,86.77854919433594,113.66000366210938
2025-07-14,9.746999740600586,24.69499969482422,48.91999816894531,9.687999725341797,56.970001220703125,41484.66796875,4.434375286102295,9.40757942199707,2742.0,1381.6343994140625,,574.4420776367188,876.955078125,9.039999961853027,15.345000267028809,35.02000045776367,4832.0,35.71500015258789,10.928183555603027,87.15901947021484,114.22000122070312
2025-07-15,9.846500396728516,24.725000381469727,48.88999938964844,9.689499855041504,56.43000030517578,41970.6640625,4.433431148529053,9.388447761535645,2799.0,1376.6357421875,,581.9413452148438,870.8574829101562,8.982500076293945,15.194999694824219,34.48500061035156,4827.0,36.6349983215332,10.927247047424316,87.6902084350586,114.63999938964844
2025-07-16,9.795499801635742,24.832500457763672,49.04999923706055,9.550000190734863,56.06999969482422,41252.68359375,4.440748691558838,9.390839576721191,2751.0,1368.387939453125,,574.9420776367188,869.9578247070312,8.868749618530273,15.087499618530273,34.70000076293945,4864.0,35.279998779296875,10.900087356567383,86.43266296386719,113.4000015258789
2025-07-17,9.897000312805176,24.842500686645508,48.650001525878906,9.664999961853027,57.36000061035156,42036.65625,4.4414567947387695,9.383666038513184,2815.0,1373.2786865234375,,579.4415893554688,874.1561889648438,8.880000114440918,15.265000343322754,34.72999954223633,4832.0,36.38750076293945,10.985310554504395,87.78656005859375,114.97000122070312
2025-07-18,10.015000343322754,25.082500457763672,49.52000045776367,9.753000259399414,58.15999984741211,41924.6640625,4.444052696228027,9.35975170135498,2805.0,1361.5306396484375,,584.6910400390625,875.8555297851562,8.867500305175781,15.369999885559082,34.95000076293945,4845.0,36.11000061035156,10.97407341003418,87.7420883178711,114.95999908447266
2025-07-21,10.053999900817871,24.94499969482422,49.71500015258789,9.699999809265137,58.380001068115234,42074.65625,4.446177959442139,9.417143821716309,2810.0,1373.0286865234375,,588.6906127929688,877.9547119140625,8.787500381469727,15.449999809265137,35.61000061035156,4888.0,36.227500915527344,11.035882949829102,87.85574340820312,115.08000183105469
2025-07-22,10.149999618530273,24.957500457763672,50.41999816894531,9.63700008392334,57.369998931884766,41766.66796875,4.447357654571533,9.436274528503418,2775.0,1372.77880859375,,595.1900024414062,878.6544799804688,8.757499694824219,15.369999885559082,35.80500030517578,4923.0,35.42499923706055,10.97407341003418,87.3665542602539,114.5999984741211
2025-07-23,10.215999603271484,24.897499084472656,51.810001373291016,9.613499641418457,57.90999984741211,41582.66796875,4.446177959442139,9.3980131149292,2760.0,1429.76953125,,587.6907958984375,882.35302734375,8.850000381469727,15.420000076293945,36.13999938964844,4886.0,35.0,11.022771835327148,87.4307861328125,114.9800033569336
2025-07-24,10.277000427246094,24.862499237060547,51.474998474121094,9.794500350952148,58.220001220703125,41967.1640625,4.444761276245117,9.417143821716309,2796.0,1443.017578125,,595.1900024414062,890.0499267578125,8.932499885559082,15.600000381469727,35.70000076293945,4841.0,35.404998779296875,11.097692489624023,88.22138977050781,115.91999816894531
2025-07-25,10.281999588012695,24.6875,50.974998474121094,9.691499710083008,58.290000915527344,42353.6484375,4.442636489868164,9.40518856048584,2826.0,1429.76953125,,598.564697265625,888.3506469726562,8.930000305175781,15.567500114440918,34.849998474121094,4812.0,35.537498474121094,11.090200424194336,88.94034576416016,116.5
2025-07-28,10.312999725341797,24.622499465942383,49.650001525878906,9.826000213623047,57.209999084472656,42587.640625,4.442636489868164,9.393230438232422,2845.0,1409.02294921875,,593.190185546875,884.951904296875,9.042499542236328,15.545000076293945,34.83000183105469,4806.0,36.14500045776367,11.06397819519043,89.32823181152344,116.55999755859375
2025-07-29,10.413000106811523,24.677499771118164,49.77000045776367,9.98799991607666,58.0,42798.6328125,4.443345069885254,9.417143821716309,2868.0,1407.273193359375,,592.940185546875,889.949951171875,9.055000305175781,15.460000038146973,34.76499938964844,4841.0,36.67499923706055,10.97407341003418,89.52836608886719,116.83999633789062
2025-07-30,10.375,24.612499237060547,49.31999969482422,10.2524995803833,57.68000030517578,42975.62890625,4.443345069885254,9.433883666992188,2879.0,1419.771240234375,,588.6906127929688,889.85009765625,9.03499984741211,15.454999923706055,34.30500030517578,4814.0,37.02000045776367,11.016215324401855,89.85202026367188,117.16999816894531
2025-07-31,10.253999710083008,24.13249969482422,38.72999954223633,10.126999855041504,57.7599983215332,43284.6171875,4.443817615509033,9.462579727172852,2912.0,1419.271240234375,,586.19091796875,889.949951171875,8.958749771118164,15.399999618530273,33.39500045776367,4841.0,36.59000015258789,11.077089309692383,90.412841796875,117.4800033569336
2025-08-01,10.057999610900879,24.0575008392334,39.119998931884766,9.871999740600586,56.810001373291016,42036.65625,4.460576057434082,9.47931957244873,2827.0,1412.7723388671875,,587.9407348632812,883.9523315429688,8.78499984741211,14.979999542236328,33.77000045776367,4910.0,35.529998779296875,10.947850227355957,88.12751007080078,115.08000183105469
2025-08-04,10.199000358581543,24.040000915527344,39.310001373291016,9.836999893188477,57.84000015258789,42508.64453125,4.464117527008057,9.49605941772461,2865.0,1435.7685546875,,587.4407958984375,889.1502685546875,8.8100004196167,15.119999885559082,34.09000015258789,4931.5,36.07749938964844,10.980628967285156,88.98482513427734,116.22000122070312
2025-08-05,10.265999794006348,24.0049991607666,38.91999816894531,9.666500091552734,58.849998474121094,42389.1484375,4.46128511428833,9.500842094421387,2847.0,1433.76904296875,,588.565673828125,890.849609375,8.704999923706055,15.050000190734863,34.56999969482422,4942.0,35.717498779296875,11.019962310791016,88.7303466796875,116.05999755859375
2025-08-06,10.281999588012695,24.0575008392334,39.08000183105469,9.706999778747559,59.34000015258789,42553.640625,4.464117527008057,9.481711387634277,2867.0,1446.516845703125,,587.4407958984375,892.94873046875,8.827500343322754,15.1899995803833,34.599998474121094,4913.0,35.31999969482422,11.039628982543945,89.01199340820312,116.44000244140625
2025-08-07,10.20300006866455,24.075000762939453,39.119998931884766,9.503499984741211,58.40999984741211,42680.63671875,4.462228775024414,9.47931957244873,2879.0,1449.766357421875,,586.19091796875,888.7504272460938,8.6875,15.039999961853027,34.89500045776367,4905.0,35.974998474121094,10.972199440002441,88.49315643310547,116.1500015258789
2025-08-08,10.137999534606934,24.15999984741211,39.66999816894531,9.468000411987305,58.02000045776367,42797.6328125,4.460576057434082,9.43149185180664,2880.0,1473.2625732421875,,588.9406127929688,888.2506713867188,8.71500015258789,15.104999542236328,35.04999923706055,4897.0,36.165000915527344,11.005913734436035,88.80693817138672,116.41999816894531
2025-08-11,10.166000366210938,24.049999237060547,39.55500030517578,9.473999977111816,57.619998931884766,43096.62109375,4.462228775024414,9.462579727172852,2910.0,1479.2615966796875,,581.6913452148438,891.0496215820312,8.675000190734863,15.140000343322754,34.529998779296875,4853.0,36.63999938964844,11.006850242614746,89.23931121826172,116.81999969482422
2025-08-12,10.208000183105469,23.947500228881836,40.04999923706055,9.425000190734863,58.0,42970.62890625,4.462228775024414,9.424318313598633,2896.0,1489.510009765625,,586.44091796875,893.3486328125,8.736249923706055,15.307499885559082,34.77000045776367,4815.0,36.75,10.977819442749023,89.14295196533203,116.66000366210938
2025-08-13,10.378999710083008,23.94499969482422,40.0,9.270999908447266,58.470001220703125,42936.62890625,4.468365669250488,9.441058158874512,2893.0,1486.0106201171875,,586.8158569335938,895.2478637695312,8.707500457763672,15.404999732971191,35.15999984741211,4802.0,36.85499954223633,11.09394645690918,89.13057708740234,116.88999938964844
2025-08-14,10.295999526977539,23.93000030517578,39.75,9.449999809265137,58.68000030517578,42962.62890625,4.466477394104004,9.414752006530762,2889.0,1479.7615966796875,,578.691650390625,899.04638671875,8.7524995803833,15.399999618530273,34.75,4793.0,36.92250061035156,11.083645820617676,89.27635192871094,116.86000061035156
2025-08-15,10.378999710083008,24.040000915527344,40.02000045776367,9.388999938964844,58.25,42749.6328125,4.465061187744141,9.37888240814209,2869.0,1503.5076904296875,,587.1908569335938,895.5477905273438,8.827500343322754,15.395000457763672,34.71500015258789,4784.0,36.36000061035156,11.05461311340332,89.15776824951172,116.88999938964844
2025-08-18,10.458000183105469,23.952499389648438,39.744998931884766,9.355999946594238,58.779998779296875,42774.6328125,4.464117527008057,9.340620994567871,2873.0,1512.7562255859375,,615.6879272460938,896.8472290039062,8.75,15.345000267028809,34.78499984741211,4790.0,36.4375,11.0443115234375,89.30847930908203,117.26000213623047
2025-08-19,10.425000190734863,23.825000762939453,39.400001525878906,9.349499702453613,56.40999984741211,42570.640625,4.465061187744141,9.345404624938965,2858.0,1509.2567138671875,,615.43798828125,900.645751953125,8.741250038146973,15.395000457763672,34.255001068115234,4785.0,36.290000915527344,11.082707405090332,89.33318328857422,117.4000015258789
2025-08-20,10.51099967956543,23.997499465942383,39.540000915527344,9.446999549865723,55.7599983215332,42074.65625,4.4671854972839355,9.393230438232422,2808.0,1503.7576904296875,,614.9380493164062,909.8421020507812,8.807499885559082,15.4399995803833,34.5099983215332,4819.0,35.529998779296875,11.176360130310059,88.82917022705078,116.95999908447266
2025-08-21,10.581000328063965,24.1299991607666,39.5,9.503999710083008,56.7400016784668,42280.6484375,4.465061187744141,9.362144470214844,2826.0,1494.7591552734375,,609.9385375976562,912.64111328125,8.832500457763672,15.420000076293945,34.845001220703125,4836.0,35.752498626708984,11.215693473815918,89.19482421875,117.30000305175781
2025-08-22,10.753999710083008,24.337499618530273,39.79499816894531,9.587499618530273,58.099998474121094,42594.640625,4.474975109100342,9.381274223327637,2845.0,1506.2572021484375,,621.6873168945312,913.3407592773438,9.02750015258789,15.649999618530273,35.654998779296875,4844.0,36.407501220703125,11.32058334350586,89.73342895507812,118.05999755859375
2025-08-26,10.934000015258789,24.239999771118164,39.720001220703125,9.541999816894531,58.15999984741211,42522.640625,4.4745025634765625,9.352578163146973,2848.0,1484.7607421875,,617.437744140625,907.843017578125,8.989999771118164,15.539999961853027,35.224998474121094,4876.0,36.529998779296875,11.192279815673828,89.54813385009766,117.55999755859375
2025-08-27,10.678999900817871,24.280000686645508,39.220001220703125,9.562000274658203,58.2599983215332,42750.6328125,4.475211143493652,9.354969024658203,2866.0,1481.2613525390625,,614.6880493164062,907.0432739257812,9.114999771118164,15.755000114440918,35.1349983215332,4886.0,36.650001525878906,11.210075378417969,90.20531463623047,117.95999908447266
2025-08-28,10.82800006866455,24.327499389648438,39.63999938964844,9.562999725341797,58.27000045776367,42800.6328125,4.477335453033447,9.37888240814209,2871.0,1493.2593994140625,,621.6873168945312,904.0444946289062,9.15250015258789,15.710000038146973,35.52000045776367,4896.0,36.77750015258789,11.097692489624023,89.93354797363281,117.83999633789062
2025-08-29,10.980999946594238,24.52750015258789,40.1349983215332,9.61400032043457,57.88999938964844,42387.6484375,4.478516101837158,9.362144470214844,2836.0,1473.7625732421875,,615.6879272460938,901.0455932617188,9.25374984741211,15.774999618530273,36.0,4954.0,35.99250030517578,11.096756935119629,89.57283020019531,117.31999969482422
2025-09-01,11.03499984741211,24.74250030517578,40.119998931884766,9.717000007629395,58.47999954223633,42355.6484375,4.481584548950195,9.340620994567871,2833.0,1479.2615966796875,,611.1884155273438,901.6453857421875,9.305000305175781,15.8100004196167,37.150001525878906,4986.0,35.85499954223633,11.015278816223145,89.60494995117188,117.4000015258789
2025-09-02,11.069999694824219,24.760000228881836,40.47999954223633,9.82699966430664,58.08000183105469,42107.65234375,4.477099895477295,9.30714225769043,2808.0,1480.261474609375,,608.4386596679688,894.248291015625,9.2524995803833,15.569999694824219,37.310001373291016,5100.0,35.404998779296875,10.888850212097168,89.30847930908203,117.13999938964844
2025-09-03,11.01200008392334,24.78499984741211,40.46500015258789,9.62600040435791,58.40999984741211,42529.640625,4.479223728179932,9.354969024658203,2835.0,1471.7628173828125,,610.6884765625,900.345947265625,9.107500076293945,15.604999542236328,37.63999938964844,5150.0,35.41999816894531,10.932866096496582,89.74825286865234,117.5
2025-09-04,10.744000434875488,24.662500381469727,40.15999984741211,9.585000038146973,57.36000061035156,42788.6328125,4.482764720916748,9.374099731445312,2848.0,1490.2598876953125,,612.438232421875,904.1444091796875,9.145000457763672,15.734999656677246,37.20500183105469,5127.0,35.79499816894531,10.975945472717285,90.38072967529297,118.16000366210938
2025-09-05,10.968000411987305,24.594999313354492,40.0,9.288000106811523,57.349998474121094,42660.13671875,4.49315071105957,9.426709175109863,2835.0,1489.0101318359375,,621.4373779296875,903.2446899414062,8.957500457763672,15.510000228881836,37.45500183105469,5149.0,36.122501373291016,11.036819458007812,89.69141387939453,117.61000061035156
2025-09-08,11.039999961853027,24.74250030517578,40.05500030517578,9.444999694824219,58.220001220703125,43060.62109375,4.493858814239502,9.464971542358398,2872.0,1520.2550048828125,,621.4373779296875,902.5450439453125,8.918399810791016,15.504599571228027,37.75,5216.0,36.775001525878906,11.135153770446777,90.10648345947266,118.33999633789062
2025-09-09,11.081000328063965,24.71500015258789,39.98500061035156,9.520000457763672,57.720001220703125,42931.62890625,4.48866605758667,9.450623512268066,2852.0,1502.2579345703125,,615.5629272460938,905.643798828125,9.047499656677246,15.654999732971191,37.404998779296875,5223.0,36.76499938964844,11.106121063232422,90.04967498779297,118.36000061035156
2025-09-10,11.07699966430664,24.752500534057617,40.525001525878906,9.602999687194824,59.029998779296875,43148.62109375,4.487249374389648,9.443449974060059,2916.0,1512.2562255859375,,623.6871337890625,903.9444580078125,9.039999961853027,15.484999656677246,37.595001220703125,5226.0,37.17499923706055,11.080835342407227,90.4622573852539,118.83999633789062
2025-09-11,11.315999984741211,24.747499465942383,40.849998474121094,9.454999923706055,60.59000015258789,43251.9296875,4.492785930633545,9.46975326538086,2920.0,1525.5042724609375,,626.5618896484375,904.218017578125,9.15250015258789,15.739999771118164,37.845001220703125,5203.0,37.540000915527344,11.056486129760742,91.04039001464844,119.54000091552734
2025-09-12,11.32800006866455,24.934999465942383,40.810001373291016,9.583000183105469,60.75,43438.92578125,4.487971782684326,9.42910099029541,2927.0,1515.2557373046875,,621.1873779296875,902.7185668945312,9.146249771118164,15.699999809265137,38.55500030517578,5222.0,37.51499938964844,11.08832836151123,91.19603729248047,119.5999984741211
2025-09-15,11.369999885559082,25.087499618530273,41.35499954223633,9.579000473022461,61.27000045776367,43576.921875,4.49158239364624,9.443449974060059,2927.0,1520.2550048828125,,626.6868286132812,902.3186645507812,9.085000038146973,15.71500015258789,38.78499984741211,5236.0,37.66999816894531,11.041501998901367,91.24791717529297,119.83000183105469
2025-09-16,11.279000282287598,25.282499313354492,41.279998779296875,9.72599983215332,61.33000183105469,43481.92578125,4.492304801940918,9.443449974060059,2921.0,1515.7557373046875,,629.1865844726562,893.8212890625,9.199999809265137,15.569999694824219,38.65999984741211,5238.0,37.69499969482422,10.992802619934082,90.81803131103516,119.29000091552734
2025-09-17,11.446000099182129,25.09000015258789,40.685001373291016,9.666999816894531,61.04999923706055,43245.9296875,4.492304801940918,9.460188865661621,2887.0,1514.7559814453125,,636.685791015625,895.3208618164062,9.227499961853027,15.789999961853027,38.435001373291016,5240.0,37.58250045776367,11.03494644165039,90.6475601196289,119.30000305175781
2025-09-18,11.371999740600586,24.834999084472656,40.36000061035156,9.597999572753906,61.459999084472656,44266.90625,4.491342067718506,9.443449974060059,2961.0,1530.7532958984375,,638.9356079101562,897.5202026367188,9.197500228881836,15.859999656677246,38.099998474121094,5216.0,39.494998931884766,11.113614082336426,92.00447845458984,120.7300033569336
2025-09-19,11.45300006866455,24.7549991607666,40.63999938964844,9.444999694824219,61.79999923706055,44421.8984375,4.49158239364624,9.40757942199707,2979.0,1523.7545166015625,,646.1848754882812,895.720703125,9.074999809265137,15.78499984741211,39.02000045776367,5287.0,39.18000030517578,11.070533752441406,92.37349700927734,121.16999816894531
2025-09-22,11.416999816894531,24.717500686645508,40.56999969482422,9.437999725341797,62.36000061035156,44654.89453125,4.491342067718506,9.40757942199707,3018.0,1525.754150390625,,648.4346313476562,895.6207275390625,9.074999809265137,15.819999694824219,40.0099983215332,5368.0,39.814998626708984,11.012195587158203,92.74002838134766,121.41999816894531
2025-09-23,11.378000259399414,24.917499542236328,40.689998626708984,9.65149974822998,62.380001068115234,44719.89453125,4.491101264953613,9.42910099029541,3037.0,1529.5035400390625,,653.4341430664062,895.720703125,9.289999961853027,15.859999656677246,40.470001220703125,5431.0,40.43000030517578,11.044925689697266,92.87129974365234,121.70999908447266
2025-09-24,11.510000228881836,25.037500381469727,42.41999816894531,9.741999626159668,63.45000076293945,44609.8984375,4.489656448364258,9.445840835571289,3019.0,1533.7528076171875,,653.1841430664062,897.9200439453125,9.407500267028809,15.744999885559082,40.2599983215332,5410.0,40.29499816894531,11.030486106872559,92.79205322265625,121.5999984741211
2025-09-25,11.621000289916992,25.100000381469727,42.029998779296875,9.784500122070312,62.720001220703125,44757.89453125,4.484361171722412,9.388447761535645,3038.0,1532.7530517578125,,651.184326171875,895.02099609375,9.40250015258789,15.6899995803833,40.91999816894531,5434.0,40.380001068115234,10.922664642333984,93.00752258300781,121.72000122070312
2025-09-26,11.479999542236328,25.272499084472656,41.709999084472656,10.001999855041504,63.209999084472656,44468.8984375,4.488212585449219,9.3980131149292,3015.0,1525.754150390625,,650.6843872070312,901.4190063476562,9.567500114440918,15.789999961853027,41.97999954223633,5472.0,40.14500045776367,11.038187026977539,92.69049835205078,121.37999725341797
2025-09-29,11.71500015258789,25.229999542236328,42.84000015258789,9.59000015258789,64.31999969482422,44860.890625,4.488212585449219,9.433883666992188,3044.0,1525.2542724609375,,660.6834106445312,903.5182495117188,9.337499618530273,15.789999961853027,42.904998779296875,5534.0,40.68000030517578,11.006418228149414,93.07190704345703,121.95999908447266
2025-09-30,11.762999534606934,25.190000534057617,42.61000061035156,9.461000442504883,64.91999816894531,44705.89453125,4.4930267333984375,9.426709175109863,3053.0,1511.7564697265625,,656.683837890625,908.1168823242188,9.192500114440918,15.699999809265137,42.279998779296875,5545.0,40.525001525878906,11.038187026977539,92.85149383544922,121.66000366210938
2025-10-01,11.755999565124512,25.177499771118164,42.84000015258789,9.395000457763672,65.37000274658203,44799.890625,4.49398946762085,9.433883666992188,3062.0,1513.7559814453125,,672.1822509765625,917.9138793945312,9.225000381469727,15.71500015258789,43.21500015258789,5567.0,41.0099983215332,11.11808967590332,93.183349609375,122.27999877929688
2025-10-02,11.928999900817871,25.237499237060547,43.439998626708984,9.253000259399414,66.0,45251.8828125,4.496636867523193,9.42910099029541,3102.0,1516.5057373046875,,679.9314575195312,916.6142578125,9.194999694824219,15.574999809265137,42.060001373291016,5545.0,42.31999969482422,11.211471557617188,93.7505111694336,122.95999908447266
2025-10-03,11.852999687194824,25.397499084472656,44.900001525878906,9.258000373840332,66.62000274658203,45217.8828125,4.496396541595459,9.443449974060059,3108.0,1545.6998291015625,,688.1806640625,922.1124877929688,9.197500228881836,15.739999771118164,44.150001525878906,5602.0,42.52750015258789,11.25960636138916,93.8966293334961,123.36000061035156
2025-10-06,11.822999954223633,25.510000228881836,44.35499954223633,9.371500015258789,66.41000366210938,45307.87890625,4.496877670288086,9.412361145019531,3106.0,1575.74609375,,690.4303588867188,921.6127319335938,9.27750015258789,15.779999732971191,44.38999938964844,5695.0,43.709999084472656,11.226873397827148,93.85453033447266,123.4800033569336
2025-10-07,11.829000473022461,25.604999542236328,45.064998626708984,9.368000030517578,66.04000091552734,45233.8828125,4.496636867523193,9.414752006530762,3089.0,1555.2493896484375,,683.18115234375,922.2124633789062,9.197500228881836,15.744999885559082,43.939998626708984,5756.0,43.005001068115234,11.21628475189209,93.78022003173828,123.22000122070312
2025-10-08,11.758999824523926,25.707500457763672,44.709999084472656,9.488499641418457,66.5199966430664,45654.87109375,4.498081207275391,9.426709175109863,3133.0,1550.250244140625,,687.1807250976562,928.6104736328125,9.229999542236328,15.770000457763672,45.060001373291016,5856.0,43.630001068115234,11.167187690734863,94.50092315673828,123.91999816894531
2025-10-09,11.883000373840332,25.602500915527344,45.369998931884766,9.406000137329102,66.0,45987.859375,4.496636867523193,9.412361145019531,3168.0,1558.7489013671875,,699.4295043945312,924.51171875,9.140000343322754,15.640000343322754,46.09000015258789,5855.0,43.9900016784668,11.251903533935547,94.94671630859375,124.33999633789062
2025-10-10,11.218000411987305,25.15999984741211,44.29999923706055,8.991000175476074,63.61000061035156,45017.8828125,4.500729084014893,9.467362403869629,3084.0,1503.7576904296875,,686.1807861328125,917.3139038085938,8.987500190734863,15.46500015258789,45.439998626708984,5835.0,42.32500076293945,11.11905288696289,93.2502212524414,121.9800033569336
2025-10-13,11.595000267028809,25.4375,45.279998779296875,9.071000099182129,63.09000015258789,45298.87890625,4.511801719665527,9.474535942077637,3110.0,1511.7564697265625,,709.678466796875,918.5136108398438,8.925000190734863,15.449999809265137,47.08000183105469,5966.0,43.16999816894531,11.17392635345459,93.6786880493164,122.73999786376953
2025-10-14,11.425000190734863,25.295000076293945,43.95500183105469,8.838000297546387,62.58000183105469,45129.8828125,4.507950305938721,9.522363662719727,3073.0,1528.753662109375,,706.4287719726562,919.3133544921875,8.920000076293945,15.515000343322754,47.20000076293945,6044.0,42.852500915527344,11.124829292297363,93.55732727050781,122.66000366210938
2025-10-15,11.503999710083008,25.387500762939453,44.119998931884766,8.88949966430664,61.970001220703125,45335.87890625,4.5074687004089355,9.555842399597168,3083.0,1546.2508544921875,,722.1771850585938,916.3142700195312,8.957500457763672,15.654999732971191,47.95000076293945,6075.0,43.76250076293945,11.109426498413086,93.78022003173828,123.08000183105469
2025-10-16,11.517000198364258,25.665000915527344,44.0,8.85200023651123,62.08000183105469,45305.87890625,4.509876251220703,9.582147598266602,3086.0,1549.2503662109375,,728.6765747070312,918.4136352539062,8.917499542236328,15.454999923706055,49.209999084472656,6176.0,44.040000915527344,11.142158508300781,93.51274871826172,123.08000183105469
2025-10-17,11.376999855041504,25.469999313354492,43.59000015258789,8.763500213623047,59.77000045776367,44803.890625,4.513246059417725,9.560625076293945,3047.0,1550.250244140625,,710.6783447265625,910.4161376953125,8.897500038146973,15.225000381469727,47.5099983215332,6168.0,43.275001525878906,11.11231517791748,92.65830993652344,122.04000091552734
2025-10-20,11.449999809265137,25.844999313354492,44.2599983215332,8.744999885559082,61.970001220703125,45814.8671875,4.5122833251953125,9.584539413452148,3126.0,1584.2447509765625,,718.9275512695312,917.1141357421875,8.954999923706055,15.425000190734863,47.845001220703125,6289.0,44.584999084472656,11.162374496459961,94.14180755615234,123.95999908447266
2025-10-21,11.517999649047852,25.489999771118164,43.7599983215332,8.798999786376953,62.599998474121094,45900.8671875,4.5122833251953125,9.61801815032959,3127.0,1573.2464599609375,,704.1790161132812,918.8134765625,8.97249984741211,15.520000457763672,44.5,5983.0,44.2599983215332,11.184515953063965,94.58018493652344,124.0999984741211
2025-10-22,11.486000061035156,25.542499542236328,43.93000030517578,8.99899959564209,62.38999938964844,45478.875,4.513486385345459,9.656279563903809,3087.0,1563.748046875,,689.4305419921875,927.410888671875,9.067500114440918,15.385000228881836,43.91999816894531,5858.0,43.14500045776367,11.346248626708984,94.08485412597656,123.62000274658203
2025-10-23,11.654000282287598,25.989999771118164,45.040000915527344,9.32699966430664,63.77000045776367,45951.859375,4.514449119567871,9.656279563903809,3138.0,1567.4974365234375,,701.4293212890625,934.4086303710938,9.210000038146973,15.354999542236328,45.02000045776367,6038.0,44.20000076293945,11.359725952148438,94.79316711425781,124.58000183105469
2025-10-24,,25.874900817871094,45.13888168334961,9.32487964630127,,,4.5121870040893555,,,2092.742919921875,,,,9.123299598693848,15.563300132751465,43.83470153808594,6026.0,,,,
2025-10-27,12.0,25.71500015258789,45.5,9.354000091552734,63.959999084472656,47238.828125,4.511560916900635,9.680192947387695,3237.0,1591.7435302734375,,718.4275512695312,940.6067504882812,9.162500381469727,15.619999885559082,42.599998474121094,5808.0,46.14500045776367,11.470434188842773,96.60111236572266,126.55999755859375
2025-10-28,11.979000091552734,25.594999313354492,45.564998626708984,9.135000228881836,64.19000244140625,47788.8203125,4.51204252243042,9.677802085876465,3293.0,1606.7412109375,,736.6757202148438,945.9050903320312,9.095000267028809,15.595000267028809,42.994998931884766,5791.0,46.630001068115234,11.407859802246094,97.38125610351562,127.4800033569336
2025-10-29,12.184000015258789,25.764999389648438,46.400001525878906,9.261500358581543,63.970001220703125,48222.80859375,4.5122833251953125,9.69214916229248,3354.0,1608.240966796875,,762.923095703125,951.0034790039062,9.154999732971191,15.385000228881836,44.07500076293945,5866.0,47.58000183105469,11.401121139526367,97.99793243408203,128.24000549316406
2025-10-30,12.095999717712402,25.737499237060547,44.959999084472656,9.234000205993652,63.439998626708984,48182.80859375,4.504580974578857,9.680192947387695,3349.0,1616.489501953125,,752.924072265625,950.903564453125,9.164999961853027,15.404999732971191,44.5099983215332,5902.0,47.45500183105469,11.402083396911621,98.00537109375,128.13999938964844
2025-10-31,11.807999610900879,25.81999969482422,44.84000015258789,9.225500106811523,63.47999954223633,48181.80859375,4.505543231964111,9.69214916229248,3339.0,1617.239501953125,,749.9243774414062,947.0046997070312,9.085000038146973,15.324999809265137,44.34000015258789,5891.0,47.01499938964844,11.354911804199219,97.80970764160156,127.72000122070312
2025-11-03,11.880000114440918,26.020000457763672,44.72999954223633,9.35200023651123,64.25,48210.80859375,4.504098892211914,9.658670425415039,3343.0,1615.48974609375,,772.422119140625,945.205322265625,9.130000114440918,15.270000457763672,44.099998474121094,5902.0,47.40999984741211,11.326992988586426,97.8022689819336,127.83999633789062
2025-11-04,11.868000030517578,25.94499969482422,43.75,9.267000198364258,63.56999969482422,48054.80859375,4.509394645690918,9.675410270690918,3320.0,1623.238525390625,,770.42236328125,946.4049682617188,9.022500038146973,15.375,43.619998931884766,5909.0,46.88999938964844,11.368390083312988,97.90382385253906,127.91999816894531
2025-11-05,11.940999984741211,25.967500686645508,43.79999923706055,9.218999862670898,62.09000015258789,48032.80859375,4.504098892211914,9.6371488571167,3315.0,1611.490234375,,794.919921875,952.403076171875,9.114999771118164,15.395000457763672,43.849998474121094,5924.0,46.97999954223633,11.396307945251465,97.9954605102539,128.0
2025-11-06,12.017000198364258,25.772499084472656,43.720001220703125,9.10949993133545,60.91999816894531,46953.83984375,4.511320114135742,9.67062759399414,3223.0,1609.990478515625,,781.9212036132812,948.1043701171875,9.164999961853027,15.305000305175781,43.80500030517578,5892.0,45.73500061035156,11.24612808227539,96.4351806640625,126.27999877929688
2025-11-07,11.83899974822998,25.954999923706055,43.83000183105469,9.146499633789062,60.290000915527344,45890.8671875,4.513246059417725,9.644322395324707,3127.0,1596.2427978515625,,756.173828125,943.5057983398438,9.21500015258789,15.305000305175781,44.310001373291016,5920.0,44.1150016784668,11.20376968383789,94.8575668334961,124.5199966430664
2025-11-10,11.986000061035156,26.147499084472656,44.279998779296875,9.12600040435791,62.04999923706055,47185.83203125,4.511320114135742,9.656279563903809,3235.0,1608.240966796875,,779.92138671875,953.6026611328125,9.274999618530273,15.454999923706055,45.709999084472656,6041.0,46.005001068115234,11.273083686828613,96.73484802246094,126.83999633789062
2025-11-11,11.88599967956543,26.524999618530273,44.685001373291016,9.388500213623047,61.650001525878906,47185.83203125,4.512763977050781,9.713671684265137,3228.0,1613.739990234375,,776.1717529296875,964.29931640625,9.510000228881836,15.574999809265137,46.25,6058.0,45.505001068115234,11.369352340698242,97.18807220458984,127.5999984741211
2025-11-12,11.949000358581543,26.552499771118164,45.220001220703125,9.021499633789062,61.529998779296875,47443.82421875,4.514690399169922,9.68975830078125,3253.0,1636.486328125,,771.4222412109375,965.4989624023438,9.362500190734863,15.729999542236328,48.529998779296875,6200.0,46.45000076293945,11.446368217468262,97.89639282226562,128.60000610351562
2025-11-13,12.024999618530273,26.662500381469727,45.2599983215332,9.062000274658203,61.08000183105469,46596.84375,4.511801719665527,9.669329643249512,3188.0,1611.990234375,,734.238525390625,957.0015869140625,9.4399995803833,15.635000228881836,48.47999954223633,6189.0,45.005001068115234,11.34239673614502,96.5367202758789,126.95999908447266
2025-11-14,11.909000396728516,26.424999237060547,44.82500076293945,9.218000411987305,60.59000015258789,46695.84375,4.510838985443115,9.574029922485352,3214.0,1626.238037109375,,746.2383422851562,947.1046752929688,9.492500305175781,15.425000190734863,46.880001068115234,6048.0,45.255001068115234,11.20184326171875,96.44756317138672,126.87999725341797
2025-11-17,11.730999946594238,26.344999313354492,44.310001373291016,9.20199966430664,60.70000076293945,46402.85546875,4.51035737991333,9.603352546691895,3170.0,1604.241455078125,,737.2384643554688,944.4055786132812,9.452500343322754,15.274999618530273,46.47999954223633,6002.0,44.665000915527344,11.197994232177734,95.88536834716797,125.91999816894531
2025-11-18,11.63700008392334,26.260000228881836,44.02000045776367,9.182000160217285,59.58000183105469,45717.87109375,4.512763977050781,9.5838041305542,3116.0,1562.7481689453125,,725.9886474609375,932.109375,9.34749984741211,15.0649995803833,46.290000915527344,6000.0,43.435001373291016,11.070918083190918,94.79564666748047,124.33999633789062
2025-11-19,11.684000015258789,26.287500381469727,44.15999984741211,9.066499710083008,58.38999938964844,46026.859375,4.515893459320068,9.547149658203125,3146.0,1566.74755859375,,726.7386474609375,928.1106567382812,9.27750015258789,15.015000343322754,46.63999938964844,6057.0,44.040000915527344,11.11905288696289,95.33059692382812,124.80000305175781
2025-11-20,11.656000137329102,26.127500534057617,44.18000030517578,9.031000137329102,58.61000061035156,46307.85546875,4.516615867614746,9.571585655212402,3168.0,1569.2471923828125,,721.2387084960938,930.6098022460938,9.364999771118164,15.21500015258789,46.349998474121094,6030.0,44.20000076293945,11.11905288696289,95.91507720947266,125.31999969482422
2025-11-21,11.333000183105469,25.947500228881836,44.15999984741211,8.855999946594238,56.68000030517578,45000.88671875,4.523837566375732,9.605796813964844,3054.0,1566.2476806640625,,694.9891357421875,931.509521484375,9.212499618530273,15.069999694824219,45.47999954223633,6037.0,41.900001525878906,11.08824634552002,94.37213897705078,123.54000091552734
2025-11-24,11.463000297546387,25.895000457763672,44.029998779296875,8.949999809265137,56.9900016784668,46235.85546875,4.520467281341553,9.600909233093262,3134.0,1582.7449951171875,,707.9889526367188,931.0097045898438,9.192500114440918,15.15999984741211,46.029998779296875,6068.0,43.95500183105469,11.10365104675293,95.94728088378906,125.27999877929688
2025-11-25,11.503999710083008,25.825000762939453,44.29999923706055,8.828499794006348,57.630001068115234,46023.859375,4.523355484008789,9.640007019042969,3095.0,1575.74609375,,707.9889526367188,938.9072875976562,9.162500381469727,15.345000267028809,46.54999923706055,6095.0,43.21500015258789,11.180665969848633,95.8283920288086,125.27999877929688
2025-11-26,11.503000259399414,26.225000381469727,45.2599983215332,8.90999984741211,58.34000015258789,46703.84375,4.523115158081055,9.705984115600586,3160.0,1597.7425537109375,,717.48876953125,947.4046630859375,9.262499809265137,15.524999618530273,48.31999969482422,6107.0,44.9900016784668,11.340471267700195,96.91069793701172,126.5199966430664
2025-11-27,11.460000038146973,26.325000762939453,44.97999954223633,9.031000137329102,58.33000183105469,46599.84375,4.527206897735596,9.686434745788574,3143.0,1590.2437744140625,,722.7387084960938,947.5045776367188,9.255000114440918,15.53499984741211,48.63999938964844,6087.0,44.709999084472656,11.30966567993164,96.68531799316406,126.26000213623047
2025-11-28,11.548999786376953,26.690000534057617,46.09000015258789,9.107000350952148,58.34000015258789,46821.83984375,4.526244640350342,9.693765640258789,3153.0,1593.2432861328125,,732.2385864257812,950.3037109375,9.3725004196167,15.675000190734863,50.779998779296875,6173.0,45.32500076293945,11.3924560546875,97.05433654785156,126.73999786376953
2025-12-01,11.656999588012695,26.795000076293945,46.189998626708984,9.09000015258789,57.29999923706055,46845.83984375,4.521911144256592,9.671773910522461,3162.0,1589.743896484375,,717.73876953125,948.80419921875,9.452500343322754,15.574999809265137,53.2599983215332,6210.0,45.625,11.311591148376465,97.01966094970703,126.69999694824219
2025-12-02,11.618000030517578,26.725000381469727,45.7599983215332,9.04699993133545,57.27000045776367,47120.8359375,4.523355484008789,9.671773910522461,3193.0,1590.2437744140625,,721.2387084960938,948.7042236328125,9.322500228881836,15.515000343322754,52.59000015258789,6157.0,46.025001525878906,11.265381813049316,97.08157348632812,126.83999633789062
2025-12-03,11.47599983215332,26.905000686645508,47.130001068115234,9.09000015258789,57.84000015258789,46883.83984375,4.525762557983398,9.698653221130371,3162.0,1573.7464599609375,,710.9888916015625,948.0044555664062,9.47249984741211,15.614999771118164,53.63999938964844,6147.0,46.34000015258789,11.28078556060791,96.48223876953125,126.0199966430664
2025-12-04,11.468000411987305,26.8700008392334,46.70000076293945,9.175000190734863,59.20000076293945,46790.83984375,4.525522232055664,9.718201637268066,3163.0,1595.242919921875,,720.23876953125,950.7035522460938,9.515000343322754,15.710000038146973,52.04999923706055,6127.0,46.43000030517578,11.357799530029297,96.38565063476562,126.12000274658203
2025-12-05,11.625,27.15999984741211,47.369998931884766,9.197500228881836,58.5,47074.83984375,4.521911144256592,9.693765640258789,3177.0,1595.492919921875,,724.9887084960938,946.8046875,9.579999923706055,15.744999885559082,53.150001525878906,6139.0,46.8650016784668,11.382829666137695,96.89583587646484,126.72000122070312
2025-12-08,11.631999969482422,26.717500686645508,47.310001373291016,9.071999549865723,59.43000030517578,47031.83984375,4.519263744354248,9.666886329650879,3210.0,1589.243896484375,,715.4888305664062,944.9053955078125,9.404999732971191,15.654999732971191,52.939998626708984,6115.0,47.095001220703125,11.271157264709473,96.69026947021484,126.44000244140625
2025-12-09,11.538999557495117,26.602500915527344,46.4900016784668,8.961999893188477,60.63999938964844,47176.83203125,4.519744873046875,9.683991432189941,3228.0,1597.7425537109375,,720.23876953125,944.6054077148438,9.52750015258789,15.805000305175781,55.20000076293945,6146.0,47.404998779296875,11.292336463928223,96.93545532226562,126.69999694824219
2025-12-10,11.5649995803833,26.517499923706055,46.599998474121094,8.895000457763672,59.959999084472656,47014.83984375,4.519985675811768,9.674217224121094,3208.0,1592.243408203125,,711.7388916015625,945.6051635742188,9.4975004196167,15.71500015258789,55.47999954223633,6117.0,47.345001220703125,11.305814743041992,96.61101531982422,126.41999816894531
2025-12-11,11.45199966430664,26.622499465942383,47.75,8.812000274658203,60.36000061035156,46423.16015625,4.5288920402526855,9.693765640258789,3148.0,1596.2427978515625,,715.9888305664062,945.3580322265625,9.522500038146973,15.994999885559082,57.88999938964844,6161.0,46.58000183105469,11.368390083312988,96.21723937988281,126.18000030517578
2025-12-12,11.531999588012695,26.392499923706055,46.41999816894531,8.826000213623047,60.13999938964844,46091.16015625,4.526244640350342,9.657112121582031,3112.0,1599.2423095703125,,707.9889526367188,939.7594604492188,9.414999961853027,16.040000915527344,56.119998931884766,6221.0,45.709999084472656,11.294262886047363,96.00424194335938,125.86000061035156
2025-12-15,11.454999923706055,26.260000228881836,47.16999816894531,8.72350025177002,60.27000045776367,45999.16015625,4.528651237487793,9.686434745788574,3090.0,1615.23974609375,,711.2388916015625,950.1568603515625,9.305000305175781,16.100000381469727,57.720001220703125,6229.0,45.599998474121094,11.425188064575195,95.9373779296875,126.08000183105469
2025-12-16,11.230999946594238,26.065000534057617,46.630001068115234,8.553999900817871,59.06999969482422,45548.171875,4.531539440155029,9.66444206237793,3053.0,1591.7435302734375,,695.4891357421875,943.4585571289062,9.112500190734863,16.040000915527344,57.935001373291016,6220.0,44.650001525878906,11.523383140563965,95.07302856445312,124.83999633789062
2025-12-17,11.418999671936035,26.274999618530273,47.209999084472656,8.65999984741211,58.849998474121094,45240.1796875,4.531058311462402,9.688879013061523,3017.0,1580.245361328125,,688.7392578125,951.45654296875,9.1875,16.059999465942383,60.060001373291016,6271.0,43.470001220703125,11.538784980773926,94.74610900878906,124.4800033569336
2025-12-18,11.404000282287598,26.385000228881836,47.59000015258789,8.710000038146973,59.77000045776367,45914.16796875,4.535872459411621,9.7133150100708,3068.0,1584.74462890625,,699.4890747070312,957.35498046875,9.207500457763672,16.06999969482422,60.150001525878906,6332.0,44.64500045776367,11.652382850646973,95.6802978515625,125.72000122070312
2025-12-19,11.52299976348877,26.342500686645508,48.060001373291016,8.707500457763672,60.41999816894531,46268.16015625,4.534427642822266,9.674217224121094,3106.0,1592.243408203125,,708.7389526367188,962.8535766601562,9.197500228881836,16.084999084472656,61.09000015258789,6312.0,45.55500030517578,11.604248046875,96.05762481689453,126.26000213623047
2025-12-22,11.505000114440918,26.5674991607666,48.06999969482422,8.911999702453613,61.43000030517578,46298.16015625,4.533465385437012,9.666886329650879,3116.0,1577.745849609375,,710.2388916015625,959.3543701171875,9.255000114440918,16.2549991607666,62.34000015258789,6401.0,45.75,11.56959056854248,96.12713623046875,126.13999938964844
2025-12-23,11.496000289916992,26.797500610351562,48.47999954223633,8.95300006866455,61.810001373291016,46266.16015625,4.532020568847656,9.683991432189941,3124.0,1590.74365234375,,702.239013671875,961.6539306640625,9.274999618530273,16.295000076293945,64.06999969482422,6423.0,45.89500045776367,11.613874435424805,96.2264404296875,126.31999969482422
2025-12-24,11.545999526977539,27.15250015258789,49.2400016784668,9.027999877929688,61.93000030517578,46307.16015625,4.536354064941406,9.676660537719727,3125.0,1582.2451171875,,705.9889526367188,960.4542236328125,9.300000190734863,16.28499984741211,66.05000305175781,6453.0,45.88999938964844,11.615800857543945,96.19416046142578,126.30000305175781
2025-12-29,11.484000205993652,26.84000015258789,48.77000045776367,8.946999549865723,61.349998474121094,46169.16015625,4.537316799163818,9.708427429199219,3124.0,1584.2447509765625,,706.2389526367188,960.154296875,9.34000015258789,16.2549991607666,65.41000366210938,6239.0,46.09000015258789,11.577293395996094,96.17430114746094,126.45999908447266
2025-12-30,11.612000465393066,27.13249969482422,50.15999984741211,8.956999778747559,61.529998779296875,46369.16015625,4.539241790771484,9.703539848327637,3140.0,1590.74365234375,,707.9889526367188,967.1525268554688,9.392499923706055,16.225000381469727,69.5199966430664,6288.0,46.5,11.662010192871094,96.4548110961914,126.94000244140625
2025-12-31,11.564000129699707,26.74250030517578,49.625,8.973999977111816,61.119998931884766,46182.16015625,4.543334484100342,9.688879013061523,3131.0,1584.2447509765625,,701.739013671875,966.4526977539062,9.425000190734863,16.209999084472656,65.2699966430664,6217.0,46.22999954223633,11.62735366821289,96.34806823730469,126.66000366210938
2026-01-02,11.770999908447266,26.552499771118164,49.79999923706055,8.75,62.040000915527344,45689.171875,4.541167736053467,9.683991432189941,3108.0,1587.744140625,,726.9886474609375,968.5521240234375,9.457500457763672,16.09000015258789,65.4800033569336,6210.0,47.540000915527344,11.58499526977539,95.45936584472656,126.33999633789062
2026-01-05,11.843000411987305,27.082500457763672,51.709999084472656,8.949000358581543,65.30999755859375,46112.16015625,4.541167736053467,9.698653221130371,3111.0,1623.238525390625,,721.2387084960938,973.0509643554688,9.742500305175781,16.524999618530273,70.37000274658203,6381.0,48.94499969482422,11.681262969970703,96.1916732788086,127.41999816894531
2026-01-06,12.0,27.469999313354492,52.97999954223633,8.942500114440918,66.23999786376953,46221.16015625,4.541649341583252,9.7206449508667,3114.0,1624.23828125,,727.4886474609375,984.0481567382812,9.657500267028809,16.5049991607666,73.66999816894531,6450.0,49.7599983215332,11.831442832946777,96.4647445678711,127.87999725341797
2026-01-07,11.920999526977539,27.177499771118164,51.40999984741211,8.706000328063965,68.41999816894531,46675.1484375,4.542612075805664,9.771961212158203,3140.0,1627.23779296875,,729.2385864257812,976.4501342773438,9.522500038146973,16.364999771118164,71.2249984741211,6432.0,49.595001220703125,11.834330558776855,97.0456314086914,128.3000030517578
2026-01-08,11.935999870300293,27.0625,50.58000183105469,8.803999900817871,69.66000366210938,46318.16015625,4.542130947113037,9.770739555358887,3075.0,1628.737548828125,,736.238525390625,976.7500610351562,9.572500228881836,16.510000228881836,69.33999633789062,6446.0,48.349998474121094,11.8160400390625,96.8917236328125,128.16000366210938
2026-01-09,12.029999732971191,27.350000381469727,51.65999984741211,9.175000190734863,71.52999877929688,46842.1484375,4.539723873138428,9.79639720916748,3112.0,1662.232177734375,,739.2384643554688,984.447998046875,9.755000114440918,16.405000686645508,73.11000061035156,6520.0,50.119998931884766,11.939263343811035,97.57190704345703,129.16000366210938
2026-01-12,12.166999816894531,27.762500762939453,52.7400016784668,9.109000205993652,72.37999725341797,46783.1484375,4.5382795333862305,9.793953895568848,3118.0,1668.231201171875,,747.4883422851562,986.3475341796875,9.707500457763672,16.225000381469727,78.5199966430664,6661.0,50.279998779296875,11.97199535369873,97.3559341430664,129.16000366210938
2026-01-13,12.114999771118164,27.852500915527344,52.56999969482422,9.401000022888184,73.02999877929688,46916.1484375,4.540927410125732,9.791509628295898,3129.0,1659.7325439453125,,755.4882202148438,986.1476440429688,9.845000267028809,15.960000038146973,80.8499984741211,6655.0,51.09000015258789,11.835293769836426,97.59425354003906,129.3800048828125
2026-01-14,12.057000160217285,27.860000610351562,52.81999969482422,9.458999633789062,72.7300033569336,46165.16015625,4.542612075805664,9.818389892578125,3065.0,1673.7303466796875,,748.48828125,990.046630859375,10.09000015258789,15.845000267028809,83.51000213623047,6670.0,50.13999938964844,11.88727855682373,96.7452621459961,128.67999267578125
2026-01-15,12.196999549865723,27.645000457763672,52.45000076293945,9.140999794006348,73.3499984741211,46986.1484375,4.539241790771484,9.79639720916748,3132.0,1677.865966796875,,756.7381591796875,995.7451171875,10.050000190734863,16.040000915527344,83.51000213623047,6686.0,52.5,12.058637619018555,97.98151397705078,130.1999969482422
2026-01-16,12.050000190734863,27.603750228881836,50.81999969482422,9.23799991607666,74.11000061035156,46695.1484375,4.536834716796875,9.789066314697266,3114.0,1673.8663330078125,,760.4880981445312,996.7449340820312,9.994999885559082,16.020000457763672,80.93000030517578,6659.0,52.459999084472656,12.074040412902832,97.755615234375,129.82000732421875
2026-01-19,12.097000122070312,28.012500762939453,51.56999969482422,9.190999984741211,74.7300033569336,45842.16796875,4.537316799163818,9.78173542022705,3049.0,1669.36669921875,,752.23828125,992.7459106445312,9.975000381469727,15.850000381469727,85.69999694824219,6751.0,51.2599983215332,11.92000961303711,96.2562255859375,128.33999633789062
2026-01-20,11.925999641418457,28.139999389648438,50.7400016784668,9.309000015258789,74.31999969482422,45901.16796875,4.538038730621338,9.737750053405762,3042.0,1638.369140625,,746.9883422851562,986.1476440429688,10.045000076293945,15.829999923706055,85.95999908447266,6842.0,51.810001373291016,11.831442832946777,95.98812103271484,127.81999969482422
2026-01-21,12.065999984741211,28.520000457763672,50.720001220703125,9.359000205993652,73.0199966430664,45976.16015625,4.540205001831055,9.757299423217773,3035.0,1648.8682861328125,,756.2382202148438,987.3472290039062,10.234999656677246,15.694999694824219,85.45999908447266,7001.0,52.84000015258789,11.852622032165527,96.06755065917969,128.05999755859375
2026-01-22,12.060999870300293,28.665000915527344,50.369998931884766,9.21500015258789,72.13999938964844,46250.16015625,4.537797927856445,9.745081901550293,3050.0,1652.3680419921875,,772.7379150390625,988.2470092773438,10.1850004196167,15.824999809265137,87.04000091552734,7018.0,52.90999984741211,11.954667091369629,96.56652069091797,128.75999450683594
2026-01-23,11.961999893188477,29.047500610351562,51.97999954223633,9.420499801635742,73.13999938964844,46140.16015625,4.539241790771484,9.715758323669434,3043.0,1627.3699951171875,,775.9878540039062,987.84716796875,10.350000381469727,15.595000267028809,91.87000274658203,7121.0,52.15999984741211,11.9007568359375,95.87889862060547,127.94000244140625
2026-01-26,11.843999862670898,29.44499969482422,52.349998474121094,9.392999649047852,72.0999984741211,45981.16015625,4.541167736053467,9.725532531738281,3044.0,1625.1202392578125,,767.238037109375,988.3469848632812,10.274999618530273,15.645000457763672,103.23999786376953,7191.0,51.40999984741211,11.907495498657227,95.5090103149414,127.63999938964844
2026-01-27,11.888999938964844,29.482500076293945,51.29999923706055,9.550999641418457,73.33000183105469,46054.16015625,4.545019149780273,9.7133150100708,3077.0,1631.86962890625,,776.4878540039062,994.0455932617188,10.359999656677246,15.5600004196167,98.72000122070312,7176.0,52.540000915527344,11.881502151489258,95.44694519042969,127.95999908447266
2026-01-28,11.904999732971191,29.9375,51.63999938964844,9.706000328063965,73.43000030517578,46204.16015625,4.542612075805664,9.696209907531738,3079.0,1616.370849609375,,788.9876708984375,988.7469482421875,10.489999771118164,15.555000305175781,103.72000122070312,7444.0,53.279998779296875,11.943114280700684,95.38241577148438,127.69999694824219
2026-01-29,11.9399995803833,30.09000015258789,53.720001220703125,10.060999870300293,72.16000366210938,45324.17578125,4.5459818840026855,9.718201637268066,2970.0,1626.3701171875,,766.988037109375,990.6465454101562,10.6850004196167,15.619999885559082,102.95999908447266,7435.0,52.560001373291016,11.797748565673828,94.30006408691406,126.58000183105469
2026-01-30,11.843000411987305,29.84749984741211,52.02000045776367,10.119000434875488,71.20999908447266,45791.16796875,4.547426223754883,9.7133150100708,3016.0,1641.868896484375,,765.238037109375,996.344970703125,10.635000228881836,15.609999656677246,85.80999755859375,7055.0,52.91999816894531,11.85647201538086,95.18629455566406,127.33999633789062
2026-02-02,11.722000122070312,28.145000457763672,51.040000915527344,9.522000312805176,70.0999984741211,46143.16015625,4.545741558074951,9.7206449508667,3035.0,1645.8685302734375,,762.2380981445312,1007.7421264648438,10.539999961853027,15.800000190734863,70.91999816894531,6626.0,53.27000045776367,11.950815200805664,96.1842269897461,128.3800048828125
2026-02-03,11.692000389099121,28.78499984741211,53.34000015258789,9.677000045776367,71.73999786376953,45345.17578125,4.545741558074951,9.718201637268066,2947.0,1656.36767578125,,786.2377319335938,1004.3429565429688,10.760000228881836,15.789999961853027,80.7699966430664,7057.0,51.869998931884766,11.941189765930176,95.30545806884766,127.63999938964844
2026-02-04,11.664999961853027,28.792499542236328,51.689998626708984,9.751999855041504,69.04000091552734,44697.1875,4.547426223754883,9.688879013061523,2901.0,1687.365234375,,788.4876708984375,1013.1408081054688,11.010000228881836,15.854999542236328,78.8499984741211,7001.0,49.189998626708984,12.070189476013184,95.07210540771484,127.66000366210938
2026-02-05,11.67199993133545,28.559999465942383,50.90999984741211,9.75100040435791,67.33000183105469,44607.19140625,4.555129051208496,9.683991432189941,2906.5,1675.1162109375,,777.2378540039062,1003.9430541992188,10.829999923706055,15.680000305175781,69.27999877929688,6954.0,49.692501068115234,11.90845775604248,94.86357879638672,127.5199966430664
2026-02-06,11.748000144958496,28.862499237060547,51.18000030517578,9.901000022888184,68.4800033569336,44800.18359375,4.553203105926514,9.698653221130371,2961.0,1715.8629150390625,,782.23779296875,1009.9415283203125,11.149999618530273,15.885000228881836,68.98999786376953,7036.0,51.59000015258789,12.049010276794434,95.42958068847656,128.27999877929688
2026-02-09,11.859000205993652,28.88249969482422,52.03499984741211,9.967000007629395,70.43000030517578,45193.1796875,4.555610656738281,9.703539848327637,3013.0,1747.8603515625,,800.9874877929688,1011.9410400390625,11.210000038146973,15.90999984741211,75.80999755859375,7201.0,52.209999084472656,12.05671215057373,95.97819519042969,129.24000549316406
2026-02-10,11.843000411987305,28.739999771118164,51.70000076293945,9.930999755859375,68.91999816894531,45167.1796875,4.558980464935303,9.723089218139648,3012.0,1788.357177734375,,800.4874877929688,1009.1417846679688,11.2524995803833,15.795000076293945,73.18000030517578,7128.0,51.9900016784668,12.137577056884766,95.99557495117188,129.6199951171875
2026-02-11,11.819000244140625,28.962499618530273,51.970001220703125,10.088000297546387,67.18000030517578,44997.18359375,4.556332588195801,9.742637634277344,2999.0,1801.8560791015625,,794.7376098632812,1020.138916015625,11.59000015258789,15.5649995803833,76.0199966430664,7225.0,52.91999816894531,12.15298080444336,95.83172607421875,129.6999969482422
2026-02-12,11.6899995803833,28.579999923706055,50.869998931884766,9.805000305175781,66.3499984741211,44457.19140625,4.561387538909912,9.762187004089355,2945.0,1799.3563232421875,,778.9878540039062,1013.340576171875,11.477499961853027,15.21500015258789,70.6500015258789,7029.0,52.34000015258789,12.24539852142334,94.9107437133789,128.67999267578125
2026-02-13,11.666000366210938,28.5575008392334,50.7400016784668,9.75100040435791,67.30999755859375,44428.19140625,4.566442489624023,9.791509628295898,2921.0,1802.3560791015625,,779.73779296875,1017.9395141601562,11.420000076293945,15.180000305175781,71.1500015258789,7147.0,52.630001068115234,12.293533325195312,94.72952270507812,128.60000610351562
2026-02-16,11.777999877929688,28.50749969482422,50.599998474121094,9.86400032043457,67.58000183105469,44201.1953125,4.566923141479492,9.79639720916748,2904.0,1758.8594970703125,,777.7378540039062,1020.138916015625,11.529999732971191,15.3100004196167,69.77999877929688,7101.0,52.38999938964844,12.308937072753906,94.42418670654297,128.27999877929688
2026-02-17,11.788999557495117,28.174999237060547,49.65999984741211,9.67300033569336,67.61000061035156,44546.19140625,4.563794136047363,9.818389892578125,2940.0,1771.8585205078125,,790.9876708984375,1027.9368896484375,11.244999885559082,15.354999542236328,67.1500015258789,7002.0,52.83000183105469,12.324338912963867,95.14906311035156,129.1999969482422
2026-02-18,11.868000030517578,28.662500381469727,50.77000045776367,10.015000343322754,69.37999725341797,45177.1796875,4.563794136047363,9.820833206176758,2997.0,1779.35791015625,,807.2373657226562,1041.9332275390625,11.425000190734863,15.444999694824219,71.16000366210938,7164.0,54.060001373291016,12.422533988952637,95.95832061767578,130.33999633789062
2026-02-19,11.87600040435791,28.8700008392334,50.529998779296875,10.310999870300293,70.5199966430664,45164.1796875,4.564275741577148,9.82327651977539,2989.0,1777.8580322265625,,806.9874267578125,1038.734130859375,11.619999885559082,15.274999618530273,71.27999877929688,7218.0,53.5099983215332,12.308937072753906,96.15940856933594,130.52000427246094
2026-02-20,11.878000259399414,29.184999465942383,50.959999084472656,10.26099967956543,71.1500015258789,45246.1796875,4.562831401824951,9.84038257598877,2988.0,1770.358642578125,,805.9874267578125,1044.732666015625,11.425000190734863,15.305000305175781,75.12000274658203,7291.0,54.0099983215332,12.46585464477539,96.1842269897461,130.77999877929688
2026-02-23,11.930000305175781,29.420000076293945,50.689998626708984,10.347999572753906,70.02999877929688,44737.1875,4.567164421081543,9.869705200195312,2957.0,1775.858154296875,,801.4874877929688,1044.332763671875,11.539999961853027,14.96500015258789,79.5199966430664,7491.0,53.58000183105469,12.408093452453613,95.46681213378906,130.0399932861328
2026-02-24,11.916000366210938,29.264999389648438,51.72999954223633,10.279999732971191,69.9800033569336,45069.1796875,4.5652384757995605,9.877035140991211,2975.0,1769.358642578125,,819.2371826171875,1043.73291015625,11.46500015258789,14.845000267028809,79.69000244140625,7372.0,54.47999954223633,12.305085182189941,95.71753692626953,130.3800048828125
2026-02-25,12.003000259399414,29.412500381469727,52.41999816894531,10.196999549865723,69.83000183105469,45587.171875,4.564757347106934,9.86726188659668,3025.0,1789.3570556640625,,816.9872436523438,1055.729736328125,11.390000343322754,15.154999732971191,82.61000061035156,7461.0,55.18000030517578,12.297384262084961,96.46226501464844,131.4199981689453
2026-02-26,11.857999801635742,29.422500610351562,52.52000045776367,10.319000244140625,69.94999694824219,45288.1796875,4.570052623748779,9.901472091674805,2983.0,1796.3565673828125,,797.487548828125,1060.728515625,11.635000228881836,15.375,79.41000366210938,7445.0,53.58000183105469,12.378250122070312,96.2562255859375,131.3000030517578
2026-02-27,11.895999908447266,29.642499923706055,52.61000061035156,10.35200023651123,70.0,45338.17578125,4.573422908782959,9.930794715881348,2953.0,1805.855712890625,,784.9877319335938,1067.326904296875,11.5649995803833,15.135000228881836,85.05000305175781,7541.0,53.380001068115234,12.53420639038086,96.25125885009766,131.60000610351562
2026-03-02,11.868000030517578,30.170000076293945,51.599998474121094,10.918000221252441,71.93000030517578,45443.171875,4.5652384757995605,9.87947940826416,2956.0,1759.3594970703125,,778.9878540039062,1053.1304931640625,11.890000343322754,15.020000457763672,79.8499984741211,7690.0,52.97999954223633,12.272354125976562,96.53425598144531,130.9199981689453
2026-03-03,11.491000175476074,30.622499465942383,50.810001373291016,11.484000205993652,72.19999694824219,45148.1796875,4.562350273132324,9.79639720916748,2946.0,1671.866455078125,,758.2381591796875,1024.73779296875,11.930000305175781,14.904999732971191,75.62000274658203,7464.0,51.439998626708984,11.921935081481934,95.8664779663086,128.47999572753906
2026-03-04,11.604999542236328,30.350000381469727,51.189998626708984,11.170000076293945,72.48999786376953,45890.16796875,4.5652384757995605,9.84038257598877,2990.0,1722.3624267578125,,772.4879150390625,1033.135498046875,11.670000076293945,15.154999732971191,76.29000091552734,7481.0,52.33000183105469,12.137577056884766,96.81476593017578,129.9600067138672
2026-03-05,11.531999588012695,30.7549991607666,50.650001525878906,11.73799991607666,70.33999633789062,45883.16796875,4.560424327850342,9.754855155944824,3009.0,1684.865478515625,,765.738037109375,1018.3392944335938,11.805000305175781,15.005000114440918,74.31999969482422,7382.0,52.2599983215332,12.039382934570312,96.47716522216797,128.94000244140625
2026-03-06,,31.809999465942383,50.52000045776367,12.59000015258789,72.51000213623047,,4.561387538909912,9.701096534729004,,,,,1006.3424682617188,11.819999694824219,14.755000114440918,76.69000244140625,7448.0,,11.896905899047852,,
2026-03-09,11.597000122070312,32.459999084472656,50.71500015258789,13.51099967956543,73.36000061035156,45016.1796875,4.55946159362793,9.698653221130371,2954.0,1644.86865234375,,760.7380981445312,1002.743408203125,11.845000267028809,14.59000015258789,76.98500061035156,7393.0,50.5,11.719770431518555,94.53837585449219,126.63999938964844
2026-03-10,11.807999610900879,31.71125030517578,51.63999938964844,12.45300006866455,73.1500015258789,45659.171875,4.562350273132324,9.757299423217773,2996.0,1705.86376953125,,784.9877319335938,1019.13916015625,11.71500015258789,14.8100004196167,81.70999908447266,7542.0,52.310001373291016,11.9007568359375,95.53631591796875,128.5399932861328
2026-03-11,11.793000221252441,32.18000030517578,51.189998626708984,13.043000221252441,71.4000015258789,45535.171875,4.555610656738281,9.671773910522461,2996.0,1667.3668212890625,,795.2376098632812,1012.9407958984375,11.845000267028809,14.524999618530273,77.6500015258789,7482.0,52.599998474121094,11.715920448303223,95.15650939941406,127.68000030517578
2026-03-12,11.751999855041504,32.83000183105469,51.02000045776367,13.984999656677246,72.08999633789062,45144.453125,4.550314903259277,9.608240127563477,2977.0,1658.8675537109375,,799.237548828125,1010.5413818359375,12.125,14.359999656677246,77.76499938964844,7457.0,51.38999938964844,11.750576972961426,94.6550521850586,126.73999786376953
2026-03-13,11.85099983215332,32.82749938964844,50.130001068115234,14.253999710083008,71.29000091552734,45148.453125,4.549833297729492,9.58135986328125,2961.0,1655.86767578125,,799.237548828125,1005.5426635742188,12.039999961853027,14.404999732971191,73.04000091552734,7400.0,51.529998779296875,11.636980056762695,94.77669525146484,126.81999969482422
2026-03-16,11.852999687194824,32.52000045776367,50.65999984741211,14.25100040435791,71.66000366210938,45281.453125,4.553684234619141,9.610684394836426,2979.0,1667.3668212890625,,796.487548828125,1010.9412841796875,12.104999542236328,14.420000076293945,72.80000305175781,7259.0,52.38999938964844,11.542635917663574,94.83379364013672,127.30000305175781
2026-03-17,11.78600025177002,32.51750183105469,50.150001525878906,14.147000312805176,72.58000183105469,45391.44921875,4.557054042816162,9.674217224121094,2969.0,1671.366455078125,,803.4874267578125,1019.93896484375,12.324999809265137,14.574999809265137,72.41000366210938,7274.0,52.150001525878906,11.725546836853027,94.97032928466797,127.68000030517578
2026-03-18,11.666000366210938,32.939998626708984,48.790000915527344,14.646499633789062,72.52999877929688,45163.453125,4.553203105926514,9.63756275177002,2961.0,1669.8665771484375,,799.4874877929688,1010.7413940429688,12.295000076293945,14.444999694824219,70.47000122070312,7102.0,52.65999984741211,11.744800567626953,94.40680694580078,126.86000061035156
2026-03-19,11.4399995803833,32.787498474121094,47.650001525878906,14.935999870300293,71.2699966430664,44318.4609375,4.542802810668945,9.598464965820312,2920.0,1634.869384765625,,791.4876098632812,982.896240234375,12.46500015258789,14.305000305175781,64.30000305175781,6656.0,51.630001068115234,11.361650466918945,92.92265319824219,124.44000244140625
2026-03-20,11.32699966430664,32.685001373291016,46.84000015258789,14.736000061035156,69.83999633789062,44182.46484375,4.540595054626465,9.481172561645508,2902.0,1617.8707275390625,,792.4876098632812,968.5992431640625,12.59000015258789,14.430000305175781,63.75,6682.0,51.279998779296875,11.25960636138916,92.75590515136719,123.81999969482422
2026-03-23,11.121000289916992,31.657499313354492,47.59000015258789,13.770000457763672,69.69000244140625,44115.46875,4.540104866027832,9.520270347595215,2897.0,1629.369873046875,,776.9878540039062,968.499267578125,12.524999618530273,14.569999694824219,62.58000183105469,6339.0,51.47999954223633,11.285273551940918,92.6588363647461,124.0199966430664
2026-03-24,11.206000328063965,31.94499969482422,47.4900016784668,14.11400032043457,68.69999694824219,43999.46875,4.540595054626465,9.512939453125,2887.0,1639.3690185546875,,784.9877319335938,973.398193359375,12.895000457763672,14.604999542236328,63.70000076293945,6400.0,51.90999984741211,11.305691719055176,92.6588363647461,124.04000091552734
2026-03-25,11.46399974822998,31.75,48.31999969482422,13.779000282287598,70.18000030517578,44270.46484375,4.544029235839844,9.591135025024414,2907.0,1663.8670654296875,,808.7373657226562,987.6953125,12.770000457763672,14.585000038146973,66.20500183105469,6602.0,52.54999923706055,11.439866065979004,93.10185241699219,125.08000183105469
2026-03-26,11.239999771118164,32.345001220703125,47.689998626708984,14.428999900817871,67.95999908447266,43624.46875,4.539613723754883,9.49827766418457,2860.0,1642.3687744140625,,787.4877319335938,975.2978515625,12.994999885559082,14.430000305175781,61.4900016784668,6382.0,50.650001525878906,11.422365188598633,92.16354370117188,123.58000183105469
2026-03-27,11.28499984741211,32.787498474121094,47.81999969482422,14.645000457763672,65.8499984741211,42880.48046875,4.541330814361572,9.493390083312988,2801.0,1610.871337890625,,779.98779296875,975.1978759765625,13.199999809265137,14.220000267028809,64.18000030517578,6597.0,49.77000045776367,11.224020004272461,91.04106140136719,122.26000213623047
2026-03-30,11.425999641418457,33.0724983215332,47.970001220703125,14.847999572753906,64.95999908447266,43011.4765625,4.549671173095703,9.520270347595215,2792.0,1644.36865234375,,770.2379760742188,990.2947387695312,13.28499984741211,14.345000267028809,64.68499755859375,6682.0,48.689998626708984,11.3251371383667,91.5114517211914,123.23999786376953
2026-03-31,11.407999992370605,33.26250076293945,48.45500183105469,14.833000183105469,65.05999755859375,43217.4765625,4.552369117736816,9.542262077331543,2809.0,1636.3692626953125,,777.9878540039062,995.4937133789062,13.210000038146973,14.375,67.04499816894531,6786.0,49.084999084472656,11.399030685424805,91.9345703125,123.66000366210938
2026-04-01,11.47599983215332,32.85749816894531,49.0099983215332,13.869000434875488,69.30999755859375,44211.46484375,4.553104877471924,9.608240127563477,2893.0,1714.863037109375,,795.987548828125,1014.9896240234375,12.404999732971191,14.65999984741211,68.88999938964844,6966.0,51.97999954223633,11.667380332946777,93.3358154296875,126.18000030517578
2026-04-02,11.440999984741211,33.442501068115234,48.709999084472656,14.295999526977539,69.83000183105469,44292.4609375,4.555312633514404,9.598464965820312,2905.0,1688.3651123046875,,788.9876708984375,1021.3882446289062,12.454999923706055,14.595000267028809,65.68000030517578,6847.0,51.689998626708984,11.696548461914062,93.636962890625,126.16000366210938
2026-04-07,11.281000137329102,33.834999084472656,48.439998626708984,15.017999649047852,69.43000030517578,44127.46875,4.548689842224121,9.55448055267334,2894.0,1667.3668212890625,,765.988037109375,1013.1900634765625,12.725000381469727,14.675000190734863,64.79000091552734,6808.0,52.029998779296875,11.560429573059082,93.3731460571289,125.68000030517578
2026-04-08,11.62600040435791,32.25,50.130001068115234,13.607999801635742,71.18000030517578,45213.453125,4.558501243591309,9.696209907531738,2981.0,1744.860595703125,,792.9876098632812,1038.5848388671875,12.085000038146973,15.069999694824219,68.57499694824219,6866.0,55.130001068115234,11.95809268951416,94.88390350341797,128.67999267578125
2026-04-09,11.564000129699707,32.54499816894531,50.220001220703125,13.982000350952148,70.58000183105469,45411.44921875,4.558501243591309,9.642450332641602,2978.0,1717.36279296875,,803.7374267578125,1038.78466796875,12.239999771118164,15.085000038146973,68.9800033569336,6924.0,56.310001373291016,11.982399940490723,95.43892669677734,129.0
2026-04-10,11.694000244140625,32.5099983215332,51.2400016784668,14.07800006866455,69.05000305175781,45681.44921875,4.5609540939331055,9.605796813964844,3021.0,1715.8629150390625,,810.7373657226562,1038.78466796875,11.942500114440918,14.975000381469727,69.62000274658203,6880.0,57.869998931884766,12.027124404907227,95.7176742553711,129.39999389648438
2026-04-13,11.680000305175781,32.942501068115234,51.95000076293945,14.607500076293945,69.91000366210938,45703.44921875,4.558011054992676,9.578916549682617,3035.0,1700.3641357421875,,806.7374267578125,1036.585205078125,12.045000076293945,15.007499694824219,67.31500244140625,6796.0,57.63999938964844,12.007678985595703,95.61563110351562,129.1999969482422
2026-04-14,11.829000473022461,32.61000061035156,52.9900016784668,14.085000038146973,70.5199966430664,46259.44140625,4.5634074211120605,9.627789497375488,3067.0,1725.3621826171875,,834.7369384765625,1040.184326171875,11.755000114440918,15.3149995803833,72.05999755859375,6875.0,58.31999969482422,11.984344482421875,96.60620880126953,130.5800018310547
2026-04-15,11.798999786376953,32.689998626708984,52.900001525878906,14.222999572753906,70.33999633789062,46852.43359375,4.559973239898682,9.613126754760742,3135.0,1718.36279296875,,837.7369384765625,1035.58544921875,11.734999656677246,15.364999771118164,72.0199966430664,6860.0,58.58000183105469,11.972677230834961,97.23341369628906,131.0800018310547
2026-04-16,11.944000244140625,32.994998931884766,52.95000076293945,14.314000129699707,70.31999969482422,47576.42578125,4.5619354248046875,9.578916549682617,3188.0,1732.361572265625,,824.9871215820312,1038.184814453125,11.890000343322754,15.335000038146973,71.62999725341797,6886.0,59.70000076293945,12.066015243530273,98.1144790649414,132.02000427246094
2026-04-17,12.012999534606934,32.11000061035156,53.22999954223633,13.17199993133545,70.58000183105469,48144.41796875,4.57027530670166,9.657112121582031,3245.0,1753.85986328125,,823.2371215820312,1045.5833740234375,11.359999656677246,15.53499984741211,75.04000091552734,6972.0,60.4900016784668,12.367423057556152,99.2917251586914,133.74000549316406
2026-04-20,12.024999618530273,32.59000015258789,52.75,13.852999687194824,69.77999877929688,47854.421875,4.5673322677612305,9.600909233093262,3219.0,1731.8616943359375,,830.237060546875,1039.7845458984375,11.645000457763672,15.470000267028809,72.80999755859375,6888.0,60.15999984741211,12.234220504760742,98.96318817138672,133.02000427246094
2026-04-21,11.97700023651123,32.79999923706055,52.4900016784668,14.140999794006348,68.16000366210938,48108.41796875,4.562916278839111,9.556924819946289,3256.0,1702.864013671875,,838.9868774414062,1028.9866943359375,11.604999542236328,15.484999656677246,70.06999969482422,6815.0,60.650001525878906,12.270195007324219,99.08763122558594,132.75999450683594
2026-04-22,12.027000427246094,33.27000045776367,53.279998779296875,14.430000305175781,67.95999908447266,48565.4140625,4.562916278839111,9.574029922485352,3298.0,1698.8642578125,,846.2367553710938,1027.386962890625,11.835000038146973,15.404999732971191,71.04499816894531,6796.0,61.93000030517578,12.095184326171875,99.50079345703125,133.16000366210938
2026-04-23,11.956000328063965,33.27750015258789,53.14500045776367,14.630999565124512,67.62999725341797,48895.40625,4.563898086547852,9.537375450134277,3310.0,1701.3641357421875,,861.236572265625,1025.787353515625,11.875,15.329999923706055,69.44000244140625,6801.0,63.7599983215332,11.996011734008789,99.8766098022461,133.32000732421875
2026-04-24,11.928999900817871,33.377498626708984,52.54999923706055,14.744000434875488,66.05000305175781,49225.40625,4.565369606018066,9.542262077331543,3337.0,1690.864990234375,,851.9866943359375,1018.788818359375,11.829999923706055,15.170000076293945,68.93000030517578,6785.0,66.3499984741211,11.980454444885254,99.83928680419922,133.22000122070312
2026-04-27,11.85099983215332,33.717498779296875,52.345001220703125,15.00100040435791,65.45999908447266,49102.40625,4.564388275146484,9.505608558654785,3323.0,1699.3642578125,,849.4867553710938,1012.9900512695312,11.9350004196167,15.265000343322754,68.43000030517578,6699.0,65.4800033569336,11.937674522399902,99.59040069580078,132.89999389648438
2026-04-28,11.843000411987305,33.7400016784668,51.540000915527344,15.298999786376953,64.75,48662.41015625,4.5619354248046875,9.483616828918457,3287.0,1699.3642578125,,841.7368774414062,1013.389892578125,12.15999984741211,15.359999656677246,66.23999786376953,6569.0,63.18000030517578,11.89100456237793,99.46842956542969,132.5399932861328
2026-04-29,11.918000221252441,34.29499816894531,51.33000183105469,16.020999908447266,64.51000213623047,49207.40625,4.5604634284973145,9.473841667175293,3329.0,1693.86474609375,,861.486572265625,1001.9923095703125,12.244999885559082,15.289999961853027,65.26000213623047,6535.0,65.0999984741211,11.784053802490234,99.75465393066406,132.6999969482422
2026-04-30,11.973999977111816,34.33000183105469,51.470001220703125,15.854999542236328,65.62000274658203,49083.40625,4.56119966506958,9.505608558654785,3274.0,1711.86328125,,869.7363891601562,1017.589111328125,12.489999771118164,15.364999771118164,66.76000213623047,6605.0,65.95999908447266,11.91628360748291,99.5630111694336,132.97999572753906
2026-05-01,12.026000022888184,34.38999938964844,51.77000045776367,15.628999710083008,66.26000213623047,49769.3984375,4.5619354248046875,9.532487869262695,3325.0,1703.3638916015625,,883.2362060546875,1016.9891967773438,12.324999809265137,15.462499618530273,69.22000122070312,6605.0,66.55000305175781,11.968788146972656,100.48638916015625,133.89999389648438
2026-05-05,12.059000015258789,34.627498626708984,51.85499954223633,15.973999977111816,66.05999755859375,50458.390625,4.5589919090271,9.473841667175293,3378.0,1723.3623046875,,900.4859619140625,1003.1920776367188,12.430000305175781,15.204999923706055,67.09500122070312,6548.0,69.44000244140625,11.918229103088379,100.91447448730469,134.60000610351562
2026-05-06,12.258000373840332,33.79249954223633,53.40999984741211,14.958999633789062,65.80999755859375,51142.3828125,4.564878940582275,9.549593925476074,3445.0,1762.859130859375,,896.2360229492188,1023.9877319335938,11.895000457763672,15.345000267028809,70.43000030517578,6695.0,72.72000122070312,12.09907341003418,101.89510345458984,136.60000610351562
2026-05-07,12.199999809265137,33.53499984741211,53.65999984741211,14.595999717712402,64.27999877929688,51645.375,4.564878940582275,9.549593925476074,3502.0,1765.3590087890625,,888.4861450195312,1009.1908569335938,11.614999771118164,15.274999618530273,73.95999908447266,6758.0,72.66000366210938,11.959065437316895,102.2609634399414,136.55999755859375
2026-05-08,12.192999839782715,33.977500915527344,54.459999084472656,15.059000015258789,63.22999954223633,52152.37109375,4.565369606018066,9.578916549682617,3534.0,1771.8585205078125,,884.9862060546875,1004.791748046875,11.699999809265137,15.135000228881836,72.91999816894531,6705.0,74.62000274658203,11.914340019226074,102.38043212890625,136.60000610351562
2026-05-11,12.376999855041504,34.63249969482422,56.04999923706055,15.454000473022461,63.0,52501.36328125,4.564878940582275,9.517827033996582,3587.0,1777.3580322265625,,924.9855346679688,1007.9910888671875,11.864999771118164,15.095000267028809,77.94000244140625,6727.0,76.9800033569336,11.873503684997559,102.64425659179688,136.94000244140625
2026-05-12,12.38599967956543,34.98500061035156,56.45000076293945,16.007999420166016,61.720001220703125,52086.37109375,4.557520389556885,9.459179878234863,3538.0,1775.358154296875,,900.7359619140625,1007.39111328125,12.0,15.130000114440918,76.41999816894531,6690.0,74.08000183105469,11.784053802490234,102.60194396972656,136.22000122070312
2026-05-13,12.670999526977539,35.2599983215332,57.58000183105469,15.883000373840332,61.68000030517578,52825.36328125,4.556539058685303,9.478729248046875,3603.0,1807.3555908203125,,937.2353515625,1013.9898071289062,11.9399995803833,15.055000305175781,80.4749984741211,6736.0,76.5999984741211,11.968788146972656,103.5302963256836,137.86000061035156
2026-05-14,12.392999649047852,34.662498474121094,57.040000915527344,15.656000137329102,62.349998474121094,53743.34765625,4.559973239898682,9.517827033996582,3704.0,1794.856689453125,,934.2354125976562,1020.1885375976562,12.100000381469727,15.164999961853027,77.58000183105469,6747.0,78.05999755859375,11.968788146972656,105.13065338134766,139.5
2026-05-15,12.295999526977539,34.505001068115234,54.31999969482422,16.180500030517578,60.7400016784668,53687.34765625,4.551633358001709,9.410307884216309,3705.0,1795.8565673828125,,935.2354125976562,1003.1920776367188,12.369999885559082,15.104999542236328,69.58000183105469,6618.0,76.20999908447266,11.955175399780273,105.34718322753906,139.0399932861328
2026-05-18,12.187999725341797,35.03499984741211,54.470001220703125,16.610000610351562,60.869998931884766,52775.36328125,4.5521240234375,9.42985725402832,3605.0,1773.3583984375,,914.9857177734375,1015.3895263671875,12.630000114440918,15.204999923706055,69.79000091552734,6576.0,73.43000030517578,11.920173645019531,104.07039642333984,137.67999267578125
2026-05-19,12.184000015258789,34.977500915527344,53.439998626708984,16.67799949645996,61.31999969482422,52369.3671875,4.54819917678833,9.4420747756958,3582.0,1763.859130859375,,894.2360229492188,1015.7894287109375,12.694999694824219,15.1899995803833,67.72000122070312,6520.0,72.16999816894531,12.01351261138916,103.5278091430664,136.94000244140625
2026-05-20,12.23799991607666,34.497501373291016,54.7599983215332,16.065000534057617,62.5099983215332,53151.35546875,4.555558204650879,9.534932136535645,3642.0,1773.8582763671875,,915.9857177734375,1026.1873779296875,12.635000228881836,15.199999809265137,69.26000213623047,6538.0,75.7699966430664,12.301308631896973,104.10274505615234,138.13999938964844
2026-05-21,12.048999786376953,34.602500915527344,54.34000015258789,16.533000946044922,62.08000183105469,53141.35546875,4.552614212036133,9.336999893188477,3642.0,1770.8585205078125,,938.75,1028.18701171875,12.515000343322754,15.1899995803833,68.58000183105469,6528.0,75.77999877929688,12.20213508605957,104.2595443725586,138.1999969482422
2026-05-22,12.07800006866455,34.14250183105469,55.08000183105469,15.98799991607666,62.97999954223633,53895.34765625,4.5521240234375,9.609999656677246,3703.0,1791.85693359375,,958.5,1030.58642578125,12.385000228881836,15.324999809265137,69.07499694824219,6524.0,78.58999633789062,12.272139549255371,105.3023910522461,139.47999572753906
2026-05-26,12.307999610900879,33.810001373291016,55.29999923706055,15.550000190734863,64.7300033569336,54430.33984375,4.557520389556885,9.617500305175781,3746.0,1812.855224609375,,977.75,1032.98583984375,12.28499984741211,15.289999961853027,69.23999786376953,6503.0,81.5,12.309085845947266,105.60354614257812,140.52000427246094
2026-05-27,12.237000465393066,33.282501220703125,54.83000183105469,14.994999885559082,64.02999877929688,54429.33984375,4.561445236206055,9.637499809265137,3717.0,1799.3563232421875,,991.25,1033.7857666015625,11.9350004196167,15.15999984741211,67.88999938964844,6411.0,80.98999786376953,12.363533973693848,105.68567657470703,140.5800018310547
2026-05-28,12.21399974822998,33.43000030517578,55.279998779296875,15.08549976348877,66.83000183105469,54975.3359375,4.5624260902404785,9.672499656677246,3783.0,1808.3555908203125,,997.25,1027.5870361328125,11.949999809265137,15.104999542236328,68.02999877929688,6468.0,83.01000213623047,12.274084091186523,106.25065612792969,141.1999969482422
2026-05-29,12.14900016784668,33.31999969482422,55.470001220703125,14.717000007629395,66.51000213623047,55031.3359375,4.56635046005249,9.670000076293945,3839.0,1811.855224609375,,1000.0,1025.1876220703125,11.765000343322754,15.260000228881836,69.12999725341797,6591.0,82.55000305175781,12.330476760864258,106.3004379272461,141.36000061035156
2026-06-01,12.03600025177002,33.7400016784668,56.68000030517578,15.480999946594238,65.33999633789062,55415.328125,4.559973239898682,9.619999885559082,3935.0,1812.355224609375,,983.25,1017.3890991210938,11.979999542236328,15.175000190734863,67.98500061035156,6461.0,83.66000366210938,12.147687911987305,106.55180358886719,141.6999969482422
2026-06-02,12.354999542236328,33.64500045776367,57.849998474121094,15.336999893188477,64.02999877929688,55564.328125,4.562916278839111,9.637499809265137,3974.0,1820.3546142578125,,1005.5,1021.5881958007812,12.0649995803833,15.149999618530273,69.12000274658203,6488.0,86.0199966430664,12.153521537780762,106.72603607177734,142.4199981689453
2026-06-03,12.282999992370605,33.79249954223633,56.38999938964844,15.843000411987305,62.880001068115234,55667.328125,4.559482574462891,9.592499732971191,3941.0,1837.353271484375,,994.0,1018.18896484375,12.34000015258789,14.914999961853027,66.83999633789062,6414.0,87.94000244140625,12.060182571411133,106.44976806640625,141.8000030517578
2026-06-04,12.246000289916992,33.31999969482422,56.540000915527344,15.437999725341797,63.189998626708984,55319.328125,4.564388275146484,9.612500190734863,3859.0,1830.853759765625,,974.0,1020.7883911132812,12.295000076293945,15.390000343322754,67.12999725341797,6459.0,85.75,12.309085845947266,106.48461151123047,141.75999450683594
2026-06-05,12.027999877929688,32.75749969482422,54.5099983215332,15.17199993133545,61.90999984741211,54250.34375,4.555558204650879,9.619999885559082,3753.0,1814.3551025390625,,934.25,1019.5886840820312,12.194999694824219,15.420000076293945,62.65999984741211,6307.0,81.36000061035156,12.285751342773438,105.8499526977539,140.13999938964844
2026-06-08,11.866999626159668,32.70500183105469,55.06999969482422,15.428999900817871,61.06999969482422,54152.34375,4.558011054992676,9.592499732971191,3754.0,1808.85546875,,917.0,1019.9885864257812,12.210000038146973,15.390000343322754,62.41999816894531,6303.0,83.16000366210938,12.11657428741455,105.33474731445312,139.75999450683594
2026-06-09,11.904000282287598,32.23249816894531,55.08000183105469,14.951000213623047,60.040000915527344,52634.36328125,4.557520389556885,9.604999542236328,3604.0,1786.8572998046875,,879.25,1005.591552734375,11.979999542236328,15.380000114440918,59.619998931884766,6192.0,79.7699966430664,12.134075164794922,103.41829681396484,137.60000610351562
2026-06-10,11.852999687194824,32.25749969482422,54.28499984741211,15.29800033569336,60.709999084472656,52499.36328125,4.5604634284973145,9.602499961853027,3588.0,1754.35986328125,,855.0,1008.5909423828125,12.244999885559082,15.494999885559082,59.02000045776367,5981.0,79.5999984741211,12.242971420288086,103.3187484741211,137.3800048828125
2026-06-11,11.814000129699707,32.220001220703125,54.25,15.472999572753906,61.66999816894531,52711.71484375,4.563898086547852,9.6274995803833,3596.0,1772.3583984375,,872.5,1014.5897216796875,12.1899995803833,15.380000114440918,58.189998626708984,5931.0,82.08000183105469,12.28769588470459,103.30630493164062,137.8000030517578
2026-06-12,12.006999969482422,31.8799991607666,55.65999984741211,14.545000076293945,62.279998779296875,54047.70703125,4.565860271453857,9.664999961853027,3685.0,1818.854736328125,,896.25,1029.78662109375,12.109999656677246,15.779999732971191,61.685001373291016,6103.0,86.66999816894531,12.464651107788086,104.78719329833984,140.0800018310547
2026-06-15,12.187999725341797,31.647499084472656,56.15999984741211,13.929499626159668,61.4900016784668,55501.69921875,4.569294452667236,9.6850004196167,3785.0,1846.8525390625,,898.5,1026.38720703125,11.625,15.875,64.30999755859375,6286.0,89.93000030517578,12.2954740524292,106.39749908447266,142.16000366210938
2026-06-16,12.12600040435791,31.457500457763672,56.529998779296875,13.49899959564209,61.54999923706055,55049.703125,4.569784641265869,9.6899995803833,3739.0,1856.3516845703125,,907.5,1033.185791015625,11.545000076293945,15.994999885559082,63.689998626708984,6255.0,87.66999816894531,12.499653816223145,106.18345642089844,141.9600067138672
2026-06-17,12.211999893188477,31.56999969482422,56.209999084472656,13.473999977111816,62.5,54926.703125,4.568313121795654,9.717499732971191,3745.0,1884.8494873046875,,897.5,1033.7857666015625,11.510000228881836,16.165000915527344,64.30999755859375,6312.0,88.80000305175781,12.347977638244629,106.05154418945312,142.44000244140625
2026-06-18,12.33899974822998,31.032499313354492,55.470001220703125,13.107999801635742,60.2599983215332,55861.6953125,4.5634074211120605,9.729999542236328,3817.0,1920.8465576171875,,910.75,1011.1163940429688,11.15999984741211,15.920000076293945,60.13999938964844,6203.0,93.0999984741211,12.377145767211914,106.83152770996094,143.5
2026-06-19,12.36400032043457,31.219999313354492,54.880001068115234,13.567999839782715,60.150001525878906,56119.6953125,4.559973239898682,9.672499656677246,3837.0,1913.84716796875,,925.0,1007.9166870117188,11.234999656677246,15.795000076293945,58.849998474121094,6092.0,93.51000213623047,12.304224967956543,107.12340545654297,143.47999572753906
2026-06-22,12.501999855041504,31.030000686645508,55.20000076293945,13.109000205993652,58.54999923706055,55874.6953125,4.5589919090271,9.6875,3833.0,1933.3455810546875,,938.25,1014.716064453125,11.255000114440918,15.930000305175781,59.86000061035156,6132.0,94.19000244140625,12.503541946411133,106.60701751708984,143.33999633789062
2026-06-23,12.218999862670898,30.647499084472656,53.31999969482422,12.99899959564209,58.18000030517578,54602.703125,4.563162326812744,9.732500076293945,3729.0,1854.851806640625,,908.25,1014.316162109375,11.404999732971191,15.970000267028809,56.470001220703125,6078.0,89.18000030517578,12.445205688476562,105.70147705078125,141.39999389648438
2026-06-24,12.277999877929688,30.165000915527344,51.84000015258789,12.583000183105469,57.40999984741211,54723.703125,4.56635046005249,9.77750015258789,3732.0,1865.8509521484375,,910.25,1016.7159423828125,11.180000305175781,16.010000228881836,53.650001525878906,5906.0,88.8499984741211,12.601743698120117,106.54963684082031,142.05999755859375
2026-06-25,12.251999855041504,30.447500228881836,52.650001525878906,12.832500457763672,55.83000183105469,54297.70703125,4.570765972137451,9.774999618530273,3664.0,1873.350341796875,,878.5,1025.115234375,11.380000114440918,16.059999465942383,53.11000061035156,5910.0,90.37000274658203,12.615355491638184,105.52684783935547,141.47999572753906
2026-06-26,12.128000259399414,30.375,53.18000030517578,12.395000457763672,55.91999816894531,54208.70703125,4.57420015335083,9.755000114440918,3645.0,1858.8515625,,858.75,1022.3154907226562,11.300000190734863,15.930000305175781,53.95000076293945,5994.0,88.87000274658203,12.63966178894043,105.52684783935547,141.13999938964844
2026-06-29,12.107000350952148,30.204999923706055,52.810001373291016,12.670999526977539,56.2400016784668,54357.70703125,4.571256637573242,9.762499809265137,3650.0,1845.8525390625,,853.0,1020.1156616210938,11.28499984741211,15.904999732971191,52.66999816894531,5887.0,89.05000305175781,12.556045532226562,105.59171295166016,140.8800048828125
2026-06-30,12.246999740600586,30.389999389648438,53.869998931884766,12.642000198364258,57.15999984741211,55556.69921875,4.57027530670166,9.737500190734863,3753.0,1854.3519287109375,,882.25,1021.5155029296875,11.239999771118164,15.875,54.36000061035156,5895.0,94.05999755859375,12.594937324523926,106.6194839477539,142.3000030517578
2026-07-01,12.246000289916992,30.354999542236328,53.130001068115234,12.350000381469727,59.45000076293945,55353.69921875,4.569784641265869,9.742500305175781,3737.0,1864.85107421875,,895.5,1019.3157348632812,11.114999771118164,16.184999465942383,54.72999954223633,5960.0,90.25,12.707721710205078,107.04606628417969,142.33999633789062
2026-07-02,11.786999702453613,30.350000381469727,53.18000030517578,12.28499984741211,61.5,53987.70703125,4.57420015335083,9.727499961853027,3653.0,1847.3524169921875,,859.5,1037.51416015625,11.1850004196167,16.395000457763672,55.75,5991.0,85.52999877929688,12.845786094665527,105.84117126464844,141.22000122070312
2026-07-03,11.920000076293945,30.582500457763672,53.31999969482422,12.434499740600586,61.599998474121094,54273.70703125,4.573709487915039,9.725000381469727,3671.0,1865.3509521484375,,864.25,1039.3140869140625,11.119999885559082,16.420000076293945,56.66999816894531,6053.0,87.02999877929688,12.871065139770508,106.21536254882812,142.05999755859375
2026-07-06,11.906999588012695,30.977500915527344,53.560001373291016,12.496999740600586,62.40999984741211,54547.703125,4.575181484222412,9.710000038146973,3704.0,1878.8499755859375,,872.0,1036.5142822265625,11.199999809265137,16.524999618530273,56.290000915527344,6026.0,87.23999786376953,12.869120597839355,106.60452270507812,142.44000244140625
2026-07-07,11.758999824523926,31.059999465942383,53.439998626708984,12.71399974822998,61.290000915527344,53071.7109375,4.573218822479248,9.682499885559082,3589.0,1836.853271484375,,828.75,1038.1141357421875,11.380000114440918,16.645000457763672,55.2400016784668,6008.0,80.51000213623047,12.95857048034668,105.80125427246094,140.72000122070312
2026-07-08,11.779000282287598,31.672500610351562,52.09000015258789,13.545999526977539,59.779998779296875,52811.71484375,4.568313121795654,9.592499732971191,3601.0,1806.355712890625,,809.0,1021.3156127929688,11.765000343322754,16.3075008392334,52.150001525878906,5846.0,81.70999908447266,12.775781631469727,105.17510986328125,139.66000366210938
2026-07-09,12.02400016784668,31.52750015258789,53.84000015258789,13.036999702453613,58.9900016784668,54098.70703125,4.571256637573242,9.645000457763672,3722.0,1839.35302734375,,833.0,1021.1156005859375,11.545000076293945,16.43000030517578,54.90999984741211,5974.0,86.7699966430664,12.810783386230469,106.18292999267578,141.27999877929688
2026-07-10,11.923999786376953,31.25749969482422,53.95000076293945,12.878000259399414,58.47999954223633,54210.70703125,4.57420015335083,9.670000076293945,3719.0,1859.8514404296875,,823.25,1023.515380859375,11.460000038146973,16.440000534057617,54.40999984741211,5929.0,85.55000305175781,12.892455101013184,106.4648208618164,141.55999755859375
2026-07-13,11.687999725341797,31.587499618530273,54.345001220703125,13.458999633789062,57.939998626708984,53895.70703125,4.566841125488281,9.604999542236328,3709.0,1841.3529052734375,,812.5,1022.7154541015625,11.835000038146973,16.5,52.85499954223633,5824.0,83.83999633789062,12.773836135864258,106.68185424804688,141.27999877929688
2026-07-14,11.880000114440918,32.17499923706055,54.93000030517578,13.961999893188477,57.93000030517578,54070.70703125,4.5739545822143555,9.619999885559082,3713.0,1858.8515625,,821.25,1025.9151611328125,11.859999656677246,16.665000915527344,53.845001220703125,5914.0,85.01000213623047,12.857453346252441,106.47978973388672,141.47999572753906
2026-07-15,11.930000305175781,32.119998931884766,54.73500061035156,13.963000297546387,57.65999984741211,53343.7109375,4.576162338256836,9.642499923706055,3656.0,1825.8541259765625,,811.0,1025.3153076171875,11.739999771118164,16.780000686645508,52.494998931884766,5819.0,81.44999694824219,12.886621475219727,105.96590423583984,140.5800018310547
2026-07-16,11.704000473022461,32.165000915527344,54.779998779296875,14.085000038146973,57.220001220703125,53011.7109375,4.577143669128418,9.6225004196167,3622.0,1794.0,,797.75,1030.5147705078125,12.015000343322754,16.78499984741211,51.29999923706055,5776.0,80.11000061035156,13.164693832397461,106.09561920166016,140.4199981689453
2026-07-17,11.324999809265137,32.38750076293945,53.88999938964844,14.359000205993652,57.2599983215332,51933.71875,4.579596519470215,9.625,3577.0,1756.0,,783.5,1032.91455078125,12.104999542236328,16.735000610351562,50.779998779296875,5783.0,77.25,13.281368255615234,105.07283782958984,139.0399932861328
2026-07-20,11.506999969482422,32.537498474121094,54.52000045776367,14.397000312805176,57.40999984741211,52536.71484375,4.574690341949463,9.572500228881836,3620.0,1772.5,,782.75,1025.3153076171875,12.244999885559082,16.625,51.849998474121094,5801.0,79.30999755859375,13.226920127868652,105.44702911376953,139.6199951171875
2026-07-21,11.807000160217285,32.939998626708984,56.220001220703125,14.708999633789062,57.939998626708984,53209.7109375,4.572728157043457,9.579999923706055,3683.0,1817.5,,798.0,1032.1146240234375,12.3149995803833,16.594999313354492,53.76499938964844,5913.0,82.55999755859375,13.137470245361328,106.03325653076172,140.86000061035156
2026-07-22,11.720000267028809,33.3849983215332,55.90999984741211,14.812999725341797,58.470001220703125,53243.7109375,4.568803310394287,9.5649995803833,3701.0,1805.0,,803.5,1043.313720703125,12.505000114440918,16.600000381469727,54.869998931884766,6031.0,83.62000274658203,13.223031044006348,106.24031066894531,141.0800018310547
2026-07-23,11.73900032043457,33.6875,54.470001220703125,15.331999778747559,59.75,52082.71875,4.566105365753174,9.524999618530273,3656.0,1786.5,,791.75,1036.5142822265625,12.710000038146973,16.459999084472656,52.25,5900.0,82.5999984741211,13.149137496948242,105.08280944824219,139.60000610351562
2026-07-24,11.637999534606934,33.3224983215332,54.689998626708984,14.928999900817871,60.41999816894531,51950.71875,4.569294452667236,9.582500457763672,3658.0,1803.0,,779.0,1045.91357421875,12.625,16.670000076293945,53.5099983215332,5924.0,80.62000274658203,13.298869132995605,105.55179595947266,140.1199951171875
2026-07-27,11.758000373840332,32.67499923706055,54.959999084472656,14.371999740600586,59.900001525878906,51215.72265625,4.570520401000977,9.614999771118164,3581.0,1795.0,,759.5,1050.1131591796875,12.390000343322754,16.825000762939453,53.345001220703125,5940.0,75.8499984741211,13.427210807800293,105.17262268066406,139.6999969482422
2026-07-28,11.619000434875488,32.224998474121094,54.65999984741211,13.904999732971191,60.279998779296875,51138.72265625,4.576653003692627,9.635000228881836,3565.0,1775.0,,746.75,1058.512451171875,12.225000381469727,17.0049991607666,52.040000915527344,5879.0,74.47000122070312,13.555551528930664,105.69648742675781,140.1999969482422
2026-07-29,11.666999816894531,32.682498931884766,54.22999954223633,14.602999687194824,58.720001220703125,50455.7265625,4.571501731872559,9.585000038146973,3515.0,1767.0,,735.75,1062.3121337890625,12.46500015258789,16.905000686645508,51.83000183105469,5856.0,71.7699966430664,13.538049697875977,104.9031982421875,139.05999755859375
2026-07-30,11.536999702453613,32.73249816894531,55.54999923706055,14.458999633789062,58.58000183105469,50797.72265625,4.579596519470215,9.612500190734863,3591.0,1804.0,,754.0,1061.1121826171875,12.34000015258789,16.667499542236328,53.11000061035156,5911.0,75.63999938964844,13.519577026367188,103.86793518066406,138.77999877929688
2026-07-31,11.583999633789062,32.682498931884766,55.849998474121094,14.567500114440918,58.9900016784668,50952.72265625,4.573709487915039,9.577500343322754,3553.0,1793.0,,751.0,1058.9124755859375,12.4350004196167,16.844999313354492,52.08000183105469,5819.0,75.83000183105469,13.366929054260254,104.44170379638672,139.16000366210938
2026-08-03,11.522000312805176,32.22999954223633,55.9900016784668,13.944999694824219,60.720001220703125,52127.71875,4.577143669128418,9.637499809265137,3639.0,1811.0,,770.75,1057.112548828125,12.489999771118164,16.905000686645508,52.09000015258789,5826.0,75.45999908447266,13.471935272216797,106.70929718017578,141.44000244140625
2026-08-04,11.64799976348877,31.80500030517578,57.18000030517578,13.456999778747559,64.16999816894531,53655.70703125,4.584011554718018,9.670000076293945,3784.0,1831.5,,789.0,1060.3123779296875,12.335000038146973,17.114999771118164,54.025001525878906,5883.0,80.22000122070312,13.528326988220215,108.31332397460938,143.4600067138672
2026-08-05,11.795999526977539,32.067501068115234,57.650001525878906,13.373000144958496,64.5999984741211,53933.70703125,4.582540035247803,9.682499885559082,3814.0,1857.5,,780.5,1060.5123291015625,12.104999542236328,17.110000610351562,56.7599983215332,6131.0,80.04000091552734,13.54388427734375,108.77483367919922,144.10000610351562
2026-08-06,11.784000396728516,32.224998474121094,57.709999084472656,13.626999855041504,65.54000091552734,53509.7109375,4.581558704376221,9.657500267028809,3806.0,1858.0,,782.25,1060.9122314453125,12.239999771118164,17.040000915527344,55.66999816894531,6127.0,80.44000244140625,13.497214317321777,108.40312957763672,143.72000122070312
2026-08-07,11.970000267028809,32.65999984741211,56.84000015258789,13.906000137329102,66.08999633789062,53847.70703125,4.586464881896973,9.667499542236328,3839.0,1872.5,,779.5,1063.9119873046875,12.204999923706055,17.010000228881836,57.77000045776367,6255.0,80.48999786376953,13.541939735412598,108.76485443115234,144.1999969482422
2026-08-10,11.906999588012695,33.25749969482422,57.13999938964844,14.503499984741211,67.30999755859375,53589.7109375,4.583030700683594,9.625,3810.0,1864.0,,768.0,1058.9124755859375,12.5600004196167,17.145000457763672,58.75,6239.0,79.45999908447266,13.454434394836426,108.4929428100586,143.82000732421875
2026-08-11,11.810999870300293,33.334999084472656,57.099998474121094,14.72599983215332,66.69000244140625,53506.7109375,4.583521366119385,9.635000228881836,3795.0,1869.0,,777.5,1057.5125732421875,12.899999618530273,17.135000228881836,58.790000915527344,6286.0,79.44000244140625,13.366929054260254,108.42059326171875,143.9199981689453
2026-08-12,11.83899974822998,33.58000183105469,57.150001525878906,14.70199966430664,67.05999755859375,53807.70703125,4.5879364013671875,9.635000228881836,3826.0,1900.0,,787.25,1056.91259765625,12.84000015258789,17.104999542236328,59.810001373291016,6345.0,81.55999755859375,13.382485389709473,108.41561126708984,144.22000122070312
2026-08-13,11.732999801635742,33.42499923706055,56.88999938964844,14.675000190734863,67.18000030517578,54447.703125,4.5928425788879395,9.645000457763672,3867.0,1911.0,,782.0,1053.5128173828125,12.875,17.114999771118164,58.689998626708984,6267.0,83.0,13.359149932861328,109.08665466308594,144.9600067138672
2026-08-14,11.6899995803833,33.442501068115234,56.7599983215332,14.595000267028809,68.02999877929688,54046.70703125,4.595049858093262,9.600000381469727,3829.0,1899.5,,774.5,1051.113037109375,13.0600004196167,17.219999313354492,59.15999984741211,6283.0,80.91000366210938,13.4058198928833,108.68003845214844,144.33999633789062
2026-08-17,11.85200023651123,33.79499816894531,56.959999084472656,14.826000213623047,67.9800033569336,54375.703125,4.59406852722168,9.579999923706055,3851.0,1903.5,,771.5,1048.3133544921875,13.114999771118164,17.1200008392334,60.51499938964844,6328.0,83.33000183105469,13.318314552307129,108.48295593261719,144.4600067138672
2026-08-18,11.836999893188477,34.0099983215332,55.8849983215332,15.35099983215332,67.08000183105469,53261.7109375,4.593577861785889,9.5649995803833,3752.0,1846.0,,752.5,1049.7132568359375,13.404999732971191,17.09000015258789,57.90999984741211,6244.0,78.63999938964844,13.236642837524414,107.61234283447266,142.75999450683594
2026-08-19,11.602999687194824,34.36750030517578,55.91999816894531,15.368499755859375,66.62999725341797,52994.7109375,4.592351913452148,9.59749984741211,3724.0,1829.5,,749.5,1051.713134765625,13.505000114440918,17.1200008392334,59.650001525878906,6391.0,77.04000091552734,13.182194709777832,107.4377212524414,142.6999969482422
2026-08-20,11.576000213623047,34.56999969482422,55.869998931884766,15.446000099182129,65.2699966430664,52395.71484375,4.594559669494629,9.577500343322754,3697.0,1817.0,,743.75,1052.1129150390625,13.614999771118164,16.9950008392334,62.53499984741211,6432.0,76.81999969482422,13.201641082763672,106.58456420898438,141.8800048828125
2026-08-21,11.67300033569336,34.79750061035156,56.7599983215332,15.483499526977539,64.58000183105469,52579.71484375,4.590389728546143,9.59000015258789,3698.0,1828.0,,745.5,1059.912353515625,13.454999923706055,17.014999389648438,63.150001525878906,6552.0,77.02999877929688,13.308591842651367,106.62198638916016,142.36000061035156
2026-08-24,11.420000076293945,34.57500076293945,57.16999816894531,15.166999816894531,63.529998779296875,52075.71875,4.5928425788879395,9.595000267028809,3638.0,1820.5,,738.25,1062.912109375,13.234999656677246,17.229999542236328,62.83000183105469,6643.0,74.80999755859375,13.308591842651367,106.2128677368164,141.67999267578125
2026-08-25,11.48900032043457,34.23249816894531,57.630001068115234,14.864999771118164,63.13999938964844,52396.71484375,4.595540523529053,9.645000457763672,3662.0,1833.5,,745.75,1066.3118896484375,13.229999542236328,17.184999465942383,62.33000183105469,6614.0,76.29000091552734,13.428182601928711,106.42990112304688,142.33999633789062
2026-08-26,11.588000297546387,34.35499954223633,57.03499984741211,14.883500099182129,63.02000045776367,52472.71484375,4.593823432922363,9.614999771118164,3685.0,1838.5,,744.75,1066.3118896484375,13.194999694824219,17.204999923706055,61.79999923706055,6560.0,76.4000015258789,13.392208099365234,106.79161834716797,142.75999450683594
2026-08-27,11.678000450134277,34.595001220703125,56.689998626708984,14.821000099182129,63.90999984741211,53128.7109375,4.597257614135742,9.6225004196167,3786.0,1846.5,,756.5,1058.3125,13.010000228881836,17.174999237060547,62.47999954223633,6561.0,77.69000244140625,13.322203636169434,107.56744384765625,143.32000732421875
2026-08-28,11.6850004196167,34.880001068115234,56.83000183105469,14.956000328063965,63.45000076293945,53573.7109375,4.5884270668029785,9.600000381469727,3827.0,1863.5,,746.75,1060.9122314453125,13.114999771118164,17.2549991607666,62.88999938964844,6519.0,77.5199966430664,13.433043479919434,108.35572814941406,144.22000122070312
2026-09-01,11.598999977111816,35.3650016784668,56.099998474121094,15.649999618530273,61.36000061035156,52752.71484375,4.5849928855896,9.550000190734863,3769.0,1855.0,,733.25,1057.712646484375,13.5649995803833,17.010000228881836,59.040000915527344,6255.0,75.58999633789062,13.221086502075195,107.07101440429688,142.74000549316406
2026-09-02,11.553999900817871,35.64500045776367,56.20000076293945,15.97700023651123,60.16999816894531,52771.71484375,4.586464881896973,9.542499542236328,3779.0,1857.0,,734.0,1054.712890625,13.654999732971191,17.100000381469727,59.150001525878906,6281.0,76.0199966430664,13.166638374328613,107.63229370117188,143.25999450683594
2026-09-03,11.477999687194824,35.54999923706055,56.650001525878906,15.994500160217285,60.459999084472656,53294.7109375,4.590389728546143,9.602499961853027,3804.0,1897.0,,748.75,1062.1121826171875,13.734999656677246,17.274999618530273,61.119998931884766,6454.0,75.31999969482422,13.259977340698242,108.33827209472656,144.27999877929688
2026-09-04,11.47599983215332,35.4375,56.81999969482422,15.929499626159668,60.310001373291016,53278.7109375,4.5884270668029785,9.607500076293945,3815.0,1903.5,,753.5,1061.51220703125,13.479999542236328,17.165000915527344,60.10499954223633,6367.0,77.70999908447266,13.263867378234863,107.90171813964844,144.25999450683594
2026-09-07,11.416000366210938,35.70000076293945,57.09000015258789,16.24850082397461,59.880001068115234,53356.7109375,4.585973739624023,9.582500457763672,3824.0,1912.0,,761.25,1060.5123291015625,13.539999961853027,17.139999389648438,60.29499816894531,6321.0,79.02999877929688,13.160805702209473,107.64228057861328,144.0800018310547
2026-09-08,11.45300006866455,35.67499923706055,58.27000045776367,16.31599998474121,60.290000915527344,53422.7109375,4.5874457359313965,9.592499732971191,3825.0,1900.0,,780.0,1060.1123046875,13.595000267028809,17.020000457763672,60.400001525878906,6306.0,80.31999969482422,13.125802993774414,107.5474853515625,143.9199981689453
2026-09-09,11.416000366210938,35.97249984741211,58.040000915527344,16.766000747680664,59.400001525878906,53094.7109375,4.585238456726074,9.539999961853027,3804.0,1882.0,,762.5,1045.5135498046875,13.75,16.885000228881836,61.150001525878906,6300.0,79.86000061035156,12.98384952545166,106.71926879882812,142.67999267578125
2026-09-10,11.321000099182129,36.33250045776367,55.58000183105469,17.298999786376953,59.380001068115234,52797.0,4.577143669128418,9.47249984741211,3792.0,1874.0,,758.25,1039.714111328125,13.704999923706055,16.844999313354492,58.54999923706055,6262.0,78.5999984741211,12.946903228759766,106.47480010986328,142.0
2026-09-11,11.255999565124512,36.07500076293945,55.790000915527344,17.084999084472656,59.11000061035156,53267.0,4.571256637573242,9.4975004196167,3842.0,1912.0,,767.0,1044.313720703125,13.710000038146973,16.905000686645508,58.61000061035156,6271.0,79.48999786376953,12.890511512756348,107.42524719238281,143.22000122070312
2026-09-14,11.303999900817871,36.10499954223633,54.31999969482422,17.445499420166016,59.66999816894531,52816.0,4.57027530670166,9.482500076293945,3780.0,1896.0,,749.5,1048.5133056640625,13.720000267028809,16.8799991607666,57.61000061035156,6178.0,75.5199966430664,12.894399642944336,107.03109741210938,142.33999633789062
2026-09-15,11.269000053405762,36.459999084472656,54.68000030517578,17.746999740600586,59.36000061035156,52530.0,4.569784641265869,9.475000381469727,3763.0,1882.5,,746.25,1044.1136474609375,13.899999618530273,16.735000610351562,57.4900016784668,6161.0,75.33000183105469,13.014962196350098,106.5471420288086,141.55999755859375
2026-09-16,11.276000022888184,36.352500915527344,55.31999969482422,17.39900016784668,59.88999938964844,53047.0,4.57420015335083,9.522500038146973,3799.0,1913.0,,745.75,1046.1134033203125,13.600000381469727,16.690000534057617,58.67499923706055,6270.0,76.77999877929688,13.125802993774414,107.24813079833984,142.66000366210938
2026-09-17,11.418000221252441,36.1875,56.61000061035156,17.329999923706055,60.47999954223633,53869.0,4.56850004196167,9.595000267028809,3875.0,1925.5,,764.5,1051.0,13.520000457763672,16.530000686645508,59.810001373291016,6333.0,78.94999694824219,13.213308334350586,108.29000091552734,144.16000366210938
2026-09-18,11.508999824523926,36.16999816894531,56.75,17.420000076293945,59.90999984741211,53834.0,4.565000057220459,9.5625,3875.0,1898.0,,749.75,1035.4000244140625,13.645000457763672,16.5,60.3650016784668,6317.0,79.69000244140625,13.073299407958984,108.02749633789062,143.32000732421875
2026-09-22,11.739999771118164,35.727508544921875,58.27000045776367,16.676000595092773,60.79999923706055,55715.0,4.568299770355225,9.62362003326416,4001.0,1925.5,,763.25,1044.0,13.045000076293945,16.600000381469727,59.619998931884766,6284.89208984375,83.33399963378906,13.289999961853027,110.10001373291016,146.0399932861328
